unadi_id	sutra_deva	sutra_slp1	pratyay_deva	pratyay_slp1	sk_commentary	sutra_ref
1001	कृवापाजिमिस्वदिसाध्यशूभ्य उण्	kfvApAjimisvadisADyaSUBya uR	उण्	uR	करोतीति कारुः , शिल्पी कारकश्च । [[7.3.33]] <<आतो युक्…>> वातीति वायुः । पायुर्गुदम् । जयत्यभिभवति रोगान् जायुरौषधम् । मिनोति प्रक्षिपति देहे ऊष्माणमिति मायुः पित्तम् । स्वादुः । साध्नोति परकार्यं साधुः । अश्नुते आशु शीघ्रम् । आशुर्व्रीहिः पाटलः स्यात् ।	
1002	छन्दसीणः	CandasIRaH	उण्	uR	मा न आयौ ।	
1003	दॄसनिजनिचरिचटिभ्यो ञुण्	dFsanijanicaricawiByo YuR	ञुण्	YuR	दीर्यत इति दारु । स्नुः प्रस्थः सानुरस्त्रियाम् । जानु । जानुनी । इह [[7.3.35]] <<जनिवध्योश्च>> इति न निषेधः । अनुबन्धद्वयसामर्थ्यात् । चारु रम्यम् । चाटु प्रियं वाक्यम् । मृगय्वादित्वात्कुप्रत्यये चटु इत्यपि ।	
1004	किञ्जरयोः श्रिणः	kiYjarayoH SriRaH	ञुण्	YuR	किं शृणोतीति किंशारुः सस्यशूकं बाणश्च । जरामेति जरायुर्गर्भाशयः । गर्भाशयो जरायुः स्यात् ।	
1005	त्रो रश्च लः	tro raSca laH	ञुण्	YuR	तरन्त्यनेन वर्णा इति तालुः ।	
1006	कृके वचः कश्च	kfke vacaH kaSca	ञुण्	YuR	कृकेन गलेन वक्तीति कृकवाकुः । ’कृकवाकुर्मयूरे च सरटे चरणायुधे’ इति विश्वः ।	
1007	भृमृशीतॄचरित्सरितनिधनिमिमस्जिभ्य उः	BfmfSItFcaritsaritaniDanimimasjiBya uH	उ	u	भरति बिभर्ति वा भरुः, स्वामी हरश्च । म्रियन्तेऽस्मिन्भूतानि मरुर्निर्जलदेशः । शेते शयुरजगरः । तरुर्वृक्षः । चरन्ति भक्षयन्ति देवता इममिति चरुः । त्सरुः खड्गादिमुष्टिः । तनु स्वल्पम् । तन्यते कर्मपाशोऽनया इति तनुः, शरीरं च । स्त्रियां मूर्तिस्तनुस्तनूः । धनुः शस्त्रविशेषः । धनुषा च धनुं विदुः । धनुरिवाजनि वक्र इति श्रीहर्षः । मयुः किंनरः । मद्गुः पानीयकाकिकेति रभसः । न्यङ्क्वादित्वात्कुत्वम् जश्त्वेन सस्य दः ।	
1008	अणश्च	aRaSca	उ	u	लवलेशकणाणवः । चात्कटिवटिभ्याम् । कटति रसनां कटुः । वटतीति वटुः ।	
1009	धान्ये नित्	DAnye nit	उ	u	धान्ये वाच्येऽण उप्रत्ययः स्यात् स च नित् । नित्त्वादाद्युदात्तः । प्रियङ्गवश्च मेऽणवश्च मे । व्रीहिभेदस्त्वणुः पुमान् । निद्ग्रहणं फलिपाटीत्यादिसूत्रमभिव्याप्य संबध्यते ।	
1010	शॄस्वृस्निहित्रप्यसिवसिहनिक्लिदिबन्धिमनिभ्यश्च	SFsvfsnihitrapyasivasihaniklidibanDimaniByaSca	उ	u	शृणातीति शरुः । शरुरायुधकोपयोः । स्वर्यन्ते प्राणा अनेन स्वरुर्वज्रम् । स्नेहुर्व्याधिः । चन्द्र इत्यन्ये । त्रपु सीसम् । पुंसि भूम्न्यसवः प्राणाः । वसुर्हृदेऽग्नौ योक्त्रेंऽशौ वसु तोये धने मणौ । हनुर्वक्त्रैकदेशः । क्लेदुश्चन्द्रः । बन्धुः । मनुः । चात् बिदि अवयवे । बिन्दुः ।	
1011	स्यन्देः संप्रसारणं धश्च	syandeH saMprasAraRaM DaSca	उ	u	देशे नदविशेषेऽब्धौ सिन्धुर्ना सरिति स्त्रियामित्यमरः ।	
1012	उन्देरिच्चादेः	undericcAdeH	उ	u	उनत्ति इन्दुः ।	
1013	ईषेः किच्च	IzeH kicca	उ	u	ईषेरुः स्यात्स च कित् आदेरिकारादेशश्च । ईषते हिनस्ति इषुः शरः । इषुर्द्वयोः ।	
1014	स्कन्देः सलोपश्च	skandeH salopaSca	उ	u	कन्दुः ।	
1015	सृजेरसुम् च	sfjerasum ca	उ	u	चात्सलोप उप्रत्ययश्च । रज्जुः ।	
1016	कृतेराद्यन्तविपर्ययश्च	kfterAdyantaviparyayaSca	उ	u	ककारतकारयोर्विनिमयः । तर्कुः सूत्रवेष्टनम् ।	
1017	नावञ्चेः	nAvaYceH	उ	u	न्यङ्क्वादित्वात्कुत्वम् । नियतमञ्चति न्यङ्कुर्मृगः ।	
1018	फलिपाटिनमिमनिजनां गुक्पटिनाकिधतश्च	PalipAwinamimanijanAM gukpawinAkiDataSca	उ	u	फलेर्गुक् । फल्गु । पाटेः पटिः । पाटयतीति पटुः । नम्यतेऽनेन नाकुर्वल्मीकम् । मन्यते इति मधु । जायते इति जतु ।	
1019	वलेर्गुक्च	valergukca	उ	u	वल संवरणे ।	
1020	शः कित्सन्वच्च	SaH kitsanvacca	उ	u	श्यतेरुः स्यात्स च कित्सन्वच्च । शिशुर्बालः ।	
1021	यो द्वे च	yo dve ca	उ	u	ययुरश्वोऽश्वमेधीयः । सन्वदिति प्रकृते द्वेग्रहणमित्वनिवृत्त्यर्थम् ।	
1022	कुर्भ्रश्च	kurBraSca	कु	ku	बभ्रुर्मुन्यन्तरे विष्णौ बभ्रू नकुलपिङ्गलौ । चादन्यतोऽपि । चक्रुः कर्ता । जघ्नुर्हन्ता । पपुः पालकः ।	
1023	पॄभिदिव्यधिगृधिधृषिभ्यः	pFBidivyaDigfDiDfziByaH	कु	ku	कुः स्यात् । पुरुः । भिनत्ति भिदुर्वज्रम् । [[6.1.16]] <<ग्रहिज्या...>> इति संप्रसारणम् । विरहिणं विध्यति विधुः । विधुः शशाङ्के कर्पूरे हृषीकेशे च राक्षसे । गृधुः कामः । धृषुर्दक्षः ।	
1024	कृग्रोरुच्च	kfgrorucca	कु	ku	करोतीति कुरुः । गृणाति गुरुः ।	
1025	अपदुःसुषु स्थः	apaduHsuzu sTaH	कु	ku	[[8.3.98]] <<सुषामादिषु च>> इति षत्वम् । अपष्ठु प्रतिकूलम् । दुष्ठु । सुष्ठु ।	
1026	रपेरिच्चोपधायाः	rapericcopaDAyAH	कु	ku	अनिष्टं रपतीति रिपुः ।	
1027	अर्जिदृशिकम्यमिपशिबाधामृजिपसितुक्धुक्दीर्घहकाराश्च	arjidfSikamyamipaSibADAmfjipasitukDukdIrGahakArASca	कु	ku	अर्जयति गुणान् ऋजुः । सर्वानविशेषेण पश्यतीति पशुः । कन्तुः । अन्धुः कूपः । पांशुर्ना न द्वयो रजः । तालव्या अपि दन्त्याश्च सम्बसूकरपांसवः । बाधते इति बाहुः । बाहुः स्त्रीपुंसयोर्भुजः ।	
1028	प्रथिम्रदिभ्रस्जां संप्रसारणं सलोपश्च	praTimradiBrasjAM saMprasAraRaM salopaSca	कु	ku	त्रयाणां कुः संप्रसारणं भ्रस्जेः सलोपश्च । पृथुः । मृदुः । न्यङ्क्वादित्वात्कुत्वम् । भृज्जति तपसा भृगुः ।	
1029	लङ्घिबंह्योर्नलोपश्च	laNGibaMhyornalopaSca	कु	ku	लघुः । <! वालमूललघ्वलमङ्गुलीनां वा लो रत्वमापद्यते (वार्त्तिकम्) !> ।  रघुर्नृपभेदः । बहुः ।	
1030	ऊर्णोतेर्नुलोपश्च	UrRoternulopaSca	कु	ku	ऊरुः सक्थि ।	
1031	महति ह्रस्वश्च	mahati hrasvaSca	कु	ku	उरु महत् ।	
1032	श्लिषेः कश्च	SlizeH kaSca	कु	ku	श्लिष्यतीति श्लिकुर्भृत्यः । उद्यतो ज्योतिश्च ।	
1033	आङ्परयोः खनिशॄभ्यां डिच्च	ANparayoH KaniSFByAM qicca	कु	ku	आखनतीत्याखुः । परं शृणातीति परशुः । पृषोदरादित्वादकारलोपात्पर्शुरपि ।	
1034	हरिमितयोर्द्रुवः	harimitayordruvaH	कु	ku	द्रु गतौ अस्मात् हरिमितयोरुपपदयोः कुः स च डित् । हरिभिर्द्रूयते हरिद्रुर्वृक्षः । मितं द्रवति मितद्रुः समुद्रः ।	
1035	शते च	Sate ca	कु	ku	शतधा द्रवति शतद्रुः । बाहुलकात्केवलादपि । द्रवत्यूर्ध्वमिति द्रुर्वृक्षः शाखा च तद्वान् द्रुमः ।	
1036	खरु शङ्कु पीयु नीलङ्गु लिगु	Karu SaNku pIyu nIlaNgu ligu	कु	ku	पञ्चैते कुप्रत्ययान्ता निपात्यन्ते । खनते रेफश्चान्तादेशः । खरुः कामः क्रूरो मूर्खः अश्वश्च । शङ्कुर्ना कीलशल्ययोः । पिबतेरित्वं युगागमश्च ।  पीयुर्वायसः कालः सुवर्णं च । निपूर्वाल्लगि गतावस्मात्कुत्वं नेर्दीर्घश्च । नीलङ्गुः क्रिमिविशेषः शृगालश्च । नीलाङ्गुरिति पाठान्तरम् । तत्र धातोरपि दीर्घः । लगे सङ्गे अस्य अत इत्वं च । लगतीति लिगु चित्तम् । लिगुर्मूर्खः ।	
1037	मृगय्वादयश्च	mfgayvAdayaSca	कु	ku	एते कुप्रत्ययान्ता निपात्यन्ते । मृगं यातीति मृगयुर्व्याधः । देवयुर्धार्मिकः । मित्रयुर्लोकयात्राभिज्ञः । आकृतिगणोऽयम् ।	
1038	मन्दिवाशिमथिचतिचङ्क्यङ्किभ्य उरच्	mandivASimaTicaticaNkyaNkiBya urac	उरच्	urac	मन्दुरा वाजिशाला । वाशुरा रात्रिः । मथुरा । चतुरः । चङ्कुरो रथः । अङ्कुरः । खर्जूरादित्वादङ्कूरोऽपि ।	
1039	व्यथेः संप्रसारणं किच्च	vyaTeH saMprasAraRaM kicca	उरच्	urac	विथुरश्चोररक्षसोः ।	
1040	मुकुरदर्दुरौ	mukuradardurO	उरच्	urac	मुकुरो दर्पणः । बाहुलकान्मकुरोऽपि । दॄ विदारणे । धातोर्द्विर्वचनमभ्यासस्य रुक् टिलोपश्च । दर्दुरस्तोयदे भेके वाद्यभाण्डाद्रिभेदयोः । दर्दुरा चण्डिकायां स्याद्ग्रामजाले च दर्दुरमिति विश्वः ।	
1041	मद्गुरादयश्च	madgurAdayaSca	उरच्	urac	उरजन्ता निपात्यन्ते । माद्यतेर्गुक् । मद्गुरो मत्स्यभेदः । कबृ वर्णे । रुमागमः । कर्बुरं श्वेतरक्षसोः । बध्नातेः खर्जूरादित्वादूरोऽपि । बन्धूरबन्धुरौ स्यातां नम्रसुन्दरयोस्त्रिषु इति रन्तिदेवः । << कोकतेर्वा कुक् च >> (गणसूत्रम् 195) ।  कुक्कुरः । कुकुरः ।	
1042	असेरुरन्	aseruran	उरन्	uran	असुरः । प्रज्ञाद्यण् । आसुरः ।	
1043	मसेश्च	maseSca	उरन्	uran	पञ्चमे पादे मसेरूरन्निति वक्ष्यते । मसूरा मसुरा व्रीहिप्रभेदे पण्ययोषिति । मसूरा मसुरा वा ना वेश्याव्रीहिप्रभेदयोः । मसूरी पादरोगे स्यादुपधाने पुनः पुमान् । मसूरमसुरौ च द्वाविति विश्वः ।	
1044	शावशेराप्तौ	SAvaSerAptO	उरन्	uran	शु इति आश्वर्थे । श्वशुरः । पतिपत्न्योः प्रसूः श्वश्रूः श्वशुरस्तु पिता तयोरित्यमरः ।	
1045	अविमह्योष्टिषच्	avimahyozwizac	टिषच्	wizac	अविषः । महिषः ।	
1046	अमेर्दीर्घश्च	amerdIrGaSca	टिषच्	wizac	आमिषं त्वस्त्रियां मांसे तथा स्याद्भोग्यवस्तुनि ।	
1047	रुहेर्वृद्धिश्च	ruhervfdDiSca	टिषच्	wizac	रङ्कुशम्बररौहिषाः । रौहिषो मृगभेदे स्याद्रौहिषं च तृणं मतमिति संसारावर्तः ।	
1048	तवेर्णिद्वा	taverRidvA	टिषच्	wizac	तवेति सौत्रो धातुः । तविपताविषावब्धौ स्वर्गे च । स्त्रियां तविषी ताविषी नदी देवकन्या भूमिश्च । तविषी बलमिति वेदभाष्यम् ।	
1049	नञि व्यथेः	naYi vyaTeH	टिषच्	wizac	अव्यथिषोऽब्धिसूर्ययोः । अव्यथिषी धरारात्र्योः ।	
1050	किलेर्बुक् च	kilerbuk ca	टिषच्	wizac	किल्बिषम् ।	
1051	इषिमदिमुदिखिदिच्छिदिभिदिमन्दिचन्दितिमिमिहिमुहिमुचिरुचिरुधिबन्धिशुषिभ्यः किरच्	izimadimudiKidicCidiBidimandicanditimimihimuhimuciruciruDibanDiSuziByaH kirac	किरच्	kirac	इषिरोऽग्निः । मदिरा सुरा । मुदिरः कामुकाभ्रयोरिति विश्वमेदिन्यौ । खिदिरश्चन्द्रः । छिदिरोऽसिकुठारयोः । भिदिरं वज्रम् । मन्दिरं गृहम् । स्त्रियामपि । मन्दिरं मदिरापि स्यादिति विश्वः । चन्दिरौ चन्द्रहस्तिनौ । तिमिरं तमोऽक्षिरोगश्च । मिहिरः सूर्यः मुहिरः काम्यसभ्ययोः । मुचिरो दाता । रुचिरम् । रुधिरम् । बधिरः । शुष शोषणे । शुषिरं छिद्रम् । शुष्कमित्यन्ये ।	
1052	अशेर्णित्	aSerRit	किरच्	kirac	आशिरो वह्निरक्षसोः ।	
1053	अजिरशिशिरशिथिलस्थिरस्फिरस्थविरखदिराः	ajiraSiSiraSiTilasTirasPirasTaviraKadirAH	किरच्	kirac	अजेर्वीभावाभावः । अजिरमङ्गणम् शशेरुपधाया इत्वम् । शिशिरं स्यादृतोर्भेदे तुषारे शीतलेऽन्यवत् । श्रथ मोचने उपधाया इत्वं रेफलोपः । प्रत्ययरेफश्च लत्वम् । शिथिलम् । स्थास्फाय्योष्टिलोपः । स्थिरं निश्चलम् । स्फिरं प्रभूतम् । तिष्ठतेर्वुक् ह्रस्वत्वं च । स्थविरः । खदिरः । बाहुलकात् शीङो बुक् ह्रस्वत्वं च । शिबिरम् ।	
1054	सलिकल्यनिमहिभडिभण्डिशण्डिपिण्डितुण्डिकुकिभूभ्य इलच्	salikalyanimahiBaqiBaRqiSaRqipiRqituRqikukiBUBya ilac	इलच्	ilac	सलति गच्छति निम्नमिति सलिलम् । कलिलः । अनिलः । महिला । पृषोदरादित्वान्महेलापि । भड इति सौत्रो धातुः । भडिलौ शूरसेवकौ । भण्डिलो दूतः कल्याणं च । शण्डिलो मुनिः । पिण्डिलो गणकः । तुण्डिलो मुखरः । कोकिलः । भविलो भव्यः । बाहुलकात्कुटिलः ।	
1055	कमेः पश्च	kameH paSca	इलच्	ilac	कपिलः ।	
1056	गुपादिभ्यः कित्	gupAdiByaH kit	इलच्	ilac	गुपिलो राजा । तिजिलो निशाकरः । गुहिलं वनम् ।	
1057	मिथिलादयश्च	miTilAdayaSca	इलच्	ilac	मथ्यन्तेऽत्र रिपवो मिथिला नगरी । पथिलः । पथिकः ।	
1058	पतिकठिकुठिगडिगुडिदंशिभ्य एरक्	patikaWikuWigaqiguqidaMSiBya erak	एरक्	erak	पतेरः पक्षी गन्ता च । छठेरः कृच्छ्रजीवी । कुठेरः पर्णाशः । बाहुलकान्नुम्न । गडेरो मेघः । गुडेरो गुडकः । दंशेरो हिंस्रः ।	
1059	कुम्बेर्नलोपश्च	kumbernalopaSca	एरक्	erak	कुबेरः ।	
1060	शदेस्त च	Sadesta ca	एरक्	erak	शतेरः शत्रुः ।	
1061	मूलेरादयः	mUlerAdayaH	एरक्	erak	एरगन्ता निपात्यन्ते । मूलेरो जटा । गुधेरो गोप्ता । गुहेरो लोहघातकः । मुहेरो मूर्खः ।	
1062	कबेरोतच् पश्च	kaberotac paSca	ओतच्	otac	कपोतः पक्षी ।	
1063	भातेर्डवतुः	BAterqavatuH	डवतु	qavatu	भातीति भवान् ।	
1064	कठिचकिभ्यामोरन्	kaWicakiByAmoran	ओरन्	oran	कठोरः । चकोरः ।	
1065	किशोरादयश्च	kiSorAdayaSca	ओरन्	oran	किंपूर्वस्य शृणातेष्टिलोपः किमोऽन्त्यलोपः किशोरोऽश्वशावः । सहोरः साधुः ।	
1066	कपिगडिगण्डिकटिपटिभ्य ओलच्	kapigaqigaRqikawipawiBya olac	ओलच्	olac	कपीति निर्देशान्नलोपः । कपोलः । गडोलगण्डोलौ गुडकपर्यायौ । कटोलः कटुः । पटोलः ।	
1067	मीनातेरूरन्	mInAterUran	ऊरन्	Uran	मयूरः ।	
1068	स्यन्देः संप्रसारणं च	syandeH saMprasAraRaM ca	ऊरन्	Uran	सिन्दूरम् ।	
1069	सितनिगमिमसिसच्यविधाञ्क्रुशिभ्यस्तुन्	sitanigamimasisacyaviDAYkruSiByastun	तुन्	tun	सिनोतीति सेतुः । [[7.2.9]] <<तितुत्र...>> इति नेट् । तन्तुः । गन्तुः । मस्तु दधिमण्डम् । सच्यत इति सक्तुः । अर्धर्चादिः । [[6.4.20]] <<ज्वरत्वर...>> इत्यूठ् । तत्र क्ङितीत्यनुवर्तते इति मते तु बाहुलकात् । ओतुर्बिडालः । धातुः क्रोष्टा ।	
1070	पः किच्च	paH kicca	तुन्	tun	पिबतीति पितुर्वह्नौ दिवाकरे ।	
1071	अर्तेश्च तुः	arteSca tuH	तु	tu	अर्तेस्तुः स्यात्स च कित् । ऋतुः स्त्रीपुष्पकालयोः ।	
1072	कमिमनिजनिगाभायाहिभ्यश्च	kamimanijanigABAyAhiByaSca	तु	tu	एभ्यस्तुः स्यात् । कन्तुः कन्दर्पचित्तयोः । मन्तुरपराधः । जन्तुः प्राणी । गातुः पुंस्कोकिले भृङ्गे गन्धर्वे गायनेऽपि च । भानुरादित्यः । यातुरध्वगकालयोः । रक्षसि क्लीबे । हेतुः कारणम् ।	
1073	चायः किः	cAyaH kiH	तु	tu	केतुर्ग्रहपताकयोः ।	
1074	आप्नोतेर्ह्रस्वश्च	ApnoterhrasvaSca	तु	tu	अप्तुः शरीरम् ।	
1075	वसेस्तुन्	vasestun	तुन्	tun	वस्तु ।	
1076	अगारे णिच्च	agAre Ricca	तुन्	tun	वेश्मभूर्वास्तुरस्त्रियाम् ।	
1077	कृञः कतुः	kfYaH katuH	कतु	katu	क्रतुर्यज्ञः ।	
1078	एधिवह्योश्चतुः	eDivahyoScatuH	चतु	catu	एधतुः पुरुषः । वहतुरनड्वान् ।	
1079	जीवेरातुः	jIverAtuH	आतु	Atu	जीवातुरस्त्रियां भक्ते जीविते जीवनौषधे ।	
1080	आतृकन् वृद्धिश्च	Atfkan vfdDiSca	आतृकन्	Atfkan	जीवेरित्येव । जैवातृकस्त्विन्दुभिषगायुष्मत्सु कृषीवले ।	
1081	कृषिचमितनिधनिसर्जिखर्जिभ्य ऊः	kfzicamitaniDanisarjiKarjiBya UH	ऊ	U	कर्षूः पुंसि करीषाग्नौ कर्षूर्नद्यां स्त्रियां मता । चमूः । तनूः । धनूः शस्त्रम् । सर्ज सर्जने । सर्जूर्वणिक् । खर्ज व्यथने । खर्जूः पामा ।	
1082	मृजेर्गुणश्च	mfjerguRaSca	ऊ	U	मर्जूः शुद्धिकृत् ।	
1083	वहो धश्च	vaho DaSca	ऊ	U	वधूर्जायास्नुषास्त्रीषु ।	
1084	कषेश्छश्च	kazeSCaSca	ऊ	U	कच्छूः पामा ।	
1085	णित्कसिपद्यर्तेः	RitkasipadyarteH	ऊ	U	कासूः शक्तिः । पादूश्चरणधारिणी । आरूः पिङ्गलः ।	
1086	अणो डश्च	aRo qaSca	ऊ	U	आडूर्जलप्लवद्रव्यम् ।	
1087	नञि लम्बेर्नलोपश्च	naYi lambernalopaSca	ऊ	U	तुम्ब्यलाबूरुभे समे इत्यमरः ।	
1088	के श्र एरङ् चास्य	ke Sra eraN cAsya	ऊ	U	कशब्दे उपपदे शृणातेरूः स्यादेरङ् आदेशः । कशेरूस्तृणकन्दे स्त्री । बाहुलकादुप्रत्यये कशेरुः क्लीबे पुंसि च ।	
1089	त्रो दुट् च	tro duw ca	ऊ	U	तरतेरूः स्यात्तस्य दुट् । तर्दूः स्याद्दारुहस्तकः ।	
1090	दरिद्रातेर्यालोपश्च	daridrAteryAlopaSca	ऊ	U	इश्च आश्च यौ तयोर्लोपः । दर्द्रूः कुष्ठप्रभेदः ।	
1091	नृतिशृध्योः कूः	nftiSfDyoH kUH	कू	kU	नृतूर्नर्तकः । शृधूरपानम् ।	
1092	ऋतेरम् च	fteram ca	कू	kU	ऋतिः सौत्रो धातुः । ततः कूरमागमश्च । रन्तूर्देवनदी सत्यवाक् च ।	
1093	अन्दूदृम्भूजम्बूकफेलूकर्कन्धूदिधिषूः	andUdfmBUjambUkaPelUkarkanDUdiDizUH	कू	kU	एते कूप्रत्ययान्ता निपात्यन्ते । अन्दूर्बन्धनम् । दृभी ग्रन्थे । निपातनान्नुम् । दृम्भूः । अनुस्वाराभावोऽपि निपातनादित्येके । दृन्भूः । जनेर्बुक्  जम्बूः । जमु अदने अस्येत्येके बाहुलकाद्ध्रस्वोऽपि । जम्बुः । कफं लाति कफेलूः श्लेष्मातकः । निपातनादेत्वम् । कर्कं दधाति कर्कन्धूर्बदरी । निपातनान्नुम् । दिधिं धैर्यं स्यति त्यजतीति दिधिषूः पुनर्भूः । केचित्तु अन्दूदृम्फूजम्बूकम्बू इति पठन्ति । दृम्फ उत्क्लेशे । दृम्फूः सर्पजातिः । कमेर्बुक्  कम्बूः परद्रव्यापहारी ।	
1094	मृग्रोरुतिः	mfgrorutiH	उति	uti	मरुत् । गरुत्पक्षः ।	
1095	ग्रो मुट् च	gro muw ca	उति	uti	गिरतेरुतिस्तस्य च मुट् । गर्मुत्सुवर्णं तृणविशेषश्च ।	
1096	हृषेरुलच्	hfzerulac	उलच्	ulac	हर्षुलो मृगकामिनोः । बाहुलकाच्चटतेः । चटुलं शोभनम् ।	
1097	हृसृरुहियुषिभ्य इतिः	hfsfruhiyuziBya itiH	इति	iti	हरित्ककुभि वर्णे च तृणवाचिविशेषयोः । सरिन्नदी । रोहित् मृगविशेषस्य स्त्री । युष इति सौत्रो धातुः । ऋश्यस्य रोहित् । पुरुषस्य योषित् इति भाष्यम् ।	
1098	ताडेर्णिलुक् च	tAqerRiluk ca	इति	iti	ताडयतीति तडित् ।	
1099	शमेर्ढः	SamerQaH	ढ	Qa	बाहुलकादिसंज्ञा एयादेश इट् च न । शण्ढः स्यात्पुंसि गोपतौ । शण्ढः क्लीबः ।	
1100	कमेरठः	kameraWaH	अठ	aWa	कमठः । कमठः कच्छपे पुंसि भाण्डभेदे नपुंसकमिति मेदिनी । बाहुलकाज्जरठः ।	
1101	रमेर्वृद्धिश्च	ramervfdDiSca	अठ	aWa	रामठं हिङ्गु ।	
1102	शमेः खः	SameH KaH	ख	Ka	शङ्खः ।	
1103	कणेष्ठः	kaRezWaH	ठ	Wa	कण्ठः ।	
1104	कलस्तृपश्च	kalastfpaSca	कल	kala	तृपतेः कलप्रत्ययः चात्तृफतेः । तृपला लता । त्रिफला तु फलत्रिके ।	
1105	शपेर्बश्च	SaperbaSca	कल	kala	शबलः ।	
1106	वृषादिभ्यश्चित्	vfzAdiByaScit	कल	kala	वृषलः । पललम् । बाहुलकाद्गुणः । सरलः । तरलः । << कमेर्बुक् च >> (गणसूत्रम् 196) ।  कम्बलः । मुस खण्डने । मुसलम् । << लङ्गेर्वृद्धिश्च >> (गणसूत्रम् 197) ।   लाङ्गलम् । << कुटिकशिकौतिभ्यः प्रत्ययस्य मुट् >> (गणसूत्रम् 198) ।  कुट्मलः । कुडेरपि । कुड्मलः । कश्मलम् । बाहुलकाद्गुणः । कोमलम् ।	
1107	मृजेष्टिलोपश्च	mfjezwilopaSca	कल	kala	मलम् ।	
1108	चुपेरच्चोपधायाः	cuperaccopaDAyAH	कल	kala	चपलम् ।	
1109	शकिशम्योर्नित्	SakiSamyornit	कल	kala	शकलम् । शमलम् ।	
1110	छो गुक् ह्रस्वश्च	Co guk hrasvaSca	कल	kala	छगलः । प्रज्ञादित्वाच्छागलः ।	
1111	ञमन्ताड्डः	YamantAqqaH	ड	qa	दण्डः । रण्डा । खण्डः । भण्डः । वण्डश्छिन्नहस्तः । अण्डः । बाहुलकात्सभावः । षण्डः सङ्घातः । तालव्यादिरित्यपरे । शण्डः। गण्डः । चण्डः । पण्डः क्लीबः । पण्डा बुद्धिः ।	
1112	क्वादिभ्यः कित्	kvAdiByaH kit	ड	qa	कवर्गादिभ्यो डः कित्स्यात् । कुण्डम् । काण्डम् । गुङ् । गुडः । घुण भ्रमणे । घुण्डो भ्रमरः ।	
1113	स्थाचतिमृजेरालज्वालजालीयचः	sTAcatimfjerAlajvAlajAlIyacaH	आलच्, वालच्, आलीयच्	Alac, vAlac, AlIyac	तिष्ठतेरालच् । स्थालम् स्थाली । चतेर्वालच् । चत्वालः । मृजेरालीयच् । मार्जालीयो बिडालः ।	
1114	पतिचण्डिभ्यामालञ्	paticaRqiByAmAlaY	आलञ्	AlaY	पातालम् । चण्डालः । प्रज्ञादित्वादणि चाण्डालोऽपीत्येके ।	
1115	तमिविशिबिडिमृणिकुलिकपिपलिपञ्चिभ्यः कालन्	tamiviSibiqimfRikulikapipalipaYciByaH kAlan	कालन्	kAlan	तमालः । विशालः । बिडालः । मृणालम् । कुलालः । कपालम् । पलालम् । पञ्चालाः ।	
1116	पतेरङ्गच् पक्षिणि	pateraNgac pakziRi	अङ्गच्	aNgac	पतङ्गः ।	
1117	तरत्यादिभ्यश्च	taratyAdiByaSca	अङ्गच्	aNgac	तरङ्गः । लवङ्गम् ।	
1118	विडादिभ्यः कित्	viqAdiByaH kit	अङ्गच्	aNgac	विडङ्गः । मृदङ्गः । कुरङ्गः । बाहुलकादुत्वं च ।	
1119	सृवृञोर्वृद्धिश्च	sfvfYorvfdDiSca	अङ्गच्	aNgac	सारङ्गः । वारङ्गः खड्गादिमुष्टिः ।	
1120	गन् गम्यद्योः	gan gamyadyoH	गन्	gan	गङ्गा । अद्गः पुरोडाशः ।	
1121	छापूखडिभ्यः कित्	CApUKaqiByaH kit	गन्	gan	छागः । पूगः । खड्गः । बाहुलकात् षिट अनादरे गन्सत्वाभावश्च । षिड्गः तरलः । षिड्गैरगद्यत ससंभ्रममेवमेकेति माघः ।	
1122	भृञः किन्नुट् च	BfYaH kinnuw ca	गन्	gan	भृञः गन् कित्स्यात्तस्य नुत् च । भृङ्गाः षिड्गालिधूम्याटाः ।	
1123	शृणातेर्ह्रस्वश्च	SfRAterhrasvaSca	गन्	gan	शृङ्गम् ।	
1124	गण् शकुनौ	gaR SakunO	गण्	gaR	नुट् चेत्यनुवर्तते । शार्ङ्गः ।	
1125	मुदिग्रोर्गग्गौ	mudigrorgaggO	गक्, ग	gak, ga	मुद्गः । गर्गः ।	
1126	अण्डन्कृसृभृवृञः	aRqankfsfBfvfYaH	अण्डन्	aRqan	करण्डः । सरण्डः पक्षी । भरण्डः स्वामी । वरण्डो मुखरोगः ।	
1127	शॄदॄभसोऽदिः	SFdFBasodiH	अदि	adi	शरत् । दरद्धृदयकूलयोः । भसज्जघनम् ।	
1128	दृणातेर्दृग् ह्रस्वश्च	dfRAterdfg hrasvaSca	अदि	adi	दृषत् ।	
1129	त्यजितनियजिभ्यो डित्	tyajitaniyajiByo qit	अदि	adi	त्यद् । तद् । यद् । सर्वादयः ।	
1130	एतेस्तुट् च	etestuw ca	अदि	adi	एतद् ।	
1131	सर्तेरटिः	sarterawiH	अटि	awi	सरट् स्याद्वातमेघयोः । वेदभाष्ये तु याभिः कृशानुमिति मन्त्रे सरट्भ्यो मधुमक्षिकाभ्य इति व्याख्यातम् ।	
1132	लङ्घेर्नलोपश्च	laNGernalopaSca	अटि	awi	लघट् वायुः ।	
1133	पारयतेरजिः	pArayaterajiH	अजि	aji	पारक् सुवर्णम् ।	
1134	प्रथः कित्संप्रसारणं च	praTaH kitsaMprasAraRaM ca	अजि	aji	पृथक् । स्वरादिपाठादव्ययत्वम् ।	
1135	भियः षुक् ह्रस्वश्च	BiyaH zuk hrasvaSca	अजि	aji	भिषक् ।	
1136	युष्यसिभ्यां मदिक्	yuzyasiByAM madik	मदिक्	madik	युष् सौत्रो धातुः । युष्मद् । अस्मद् । त्वम् । अहम् ।	
1137	अर्तिस्तुसुहुसृधृभिक्षुभायावापदियक्षिनीभ्यो मन्	artistusuhusfDfBikzuBAyAvApadiyakzinIByo man	मन्	man	एभ्यश्चतुर्दशभ्यो मन् । अर्मश्चक्षूरोगः । स्तोमः सङ्घातः । सोमः । होमः । सर्मो गमनम् । धर्मः क्षेमं कुशलम् । क्षोमम् । प्रज्ञाद्यणि क्षौमं च । भाम आदित्यः । यामः । वामः शोभनदुष्टयोः । पद्मम् । यक्ष पूजायाम् । यक्ष्मो रोगराजः । नेमः ।	
1138	जहातेः सन्वदालोपश्च	jahAteH sanvadAlopaSca	मन्	man	जिह्मः कुटिलमन्दयोः ।	
1139	अवतेष्टिलोपश्च	avatezwilopaSca	मन्	man	मन्प्रत्ययस्यायं टिलोपो न प्रकृतेः । अन्यथा डिदित्येव ब्रूयात् । [[6.4.20]] <<ज्वरत्वर...>> इति ऊठौ । तयोर्दीर्घे कृते गुणः । चादिपाठादव्ययत्वमित्युज्ज्वलदत्तस्तन्न । तेषामसत्त्वार्थत्वात् । वस्तुतस्तु स्वरादिपाठादव्ययत्वम् । अवतीति ओम् ।	
1140	ग्रसेरा च	graserA ca	मन्	man	ग्रामः ।	
1141	अविसिविसिशुषिभ्यः कित्	avisivisiSuziByaH kit	मन्	man	ऊमं नगरम् । स्यूमो रश्मिः । सिमः सर्वः । शुष्ममग्निसमीपयोः ।	
1142	इषियुधीन्धिदसिश्याधूसूभ्यो मक्	iziyuDInDidasiSyADUsUByo mak	मक्	mak	इष्मः कामवसन्तयोः । ईषीति पाठे दीर्घादिः । युध्मः शरो योद्धा च । इध्मः समित् । दस्मो यजमानः । श्यामः धूमः । सूमोऽन्तरिक्षम् । बाहुलकादीर्मं व्रणः ।	
1143	युजिरुचितिजां कुश्च	yujirucitijAM kuSca	मक्	mak	युग्मम् । रुक्मम् । तिग्मम् ।	
1144	हन्तेर्हि च	hanterhi ca	मक्	mak	हिमम् ।	
1145	भियः षुग्वा	BiyaH zugvA	मक्	mak	भीमः । भीष्मः ।	
1146	घर्मः	GarmaH	मक्	mak	घृधातोर्मग्गुणश्च निपात्यते ।	
1147	ग्रीष्मः	grIzmaH	मक्	mak	ग्रसतेर्निपातोऽयम् ।	
1148	प्रथेः षिवन् संप्रसारणं च	praTeH zivan saMprasAraRaM ca	षिवन्	zivan	पृथिवी । पवन्नित्येके । पृथवी पृथिवी पृथ्वी इति शब्दार्णवः ।	
1149	अशूप्रुषिलटिकणिखटिविशिभ्यः क्वन्	aSUpruzilawikaRiKawiviSiByaH kvan	क्वन्	kvan	अश्वः । प्रुष स्नेहनादौ । प्रुष्वः स्यादृतुसूर्ययोः । प्रुष्वा जलकणिका । लट्वा पक्षिभेदः फलं च । कण्वं पापम् । बाहुलकादित्वे किण्वमपि । खट्वा । विश्वम् ।	
1150	इण्शीभ्यां वन्	iRSIByAM van	वन्	van	एवो गन्ता । ये च एवा मरुतः । असत्वे निपातोऽयम् । शेवं मित्राय वरुणाय ।	
1151	सर्वनीघृष्वरिष्वलष्वशिवपट्वप्रह्वेष्वा अस्वतन्त्रे	sarvanIGfzvarizvalazvaSivapawvaprahvezvA asvatantre	वन्	van	अकर्तर्येते निपात्यन्ते । सृतमनेन विश्वमिति सर्वम् । निपूर्वाद्घृषेर्गुणाभावोऽपि । निघृष्यतेऽनेन निघृष्वः खुरः । रिष्वो हिंस्रः । लष्वो नर्तकः । लिष्व इत्यन्ये । तत्रोपधाया इत्वमपि । शेतेऽस्मिन् सर्वमिति शिवः शम्भुः । शीङो ह्रस्वत्वम् । पट्वो रथो भूलोकश्च । प्रहूयते इति प्रह्वः । ह्वेञ आकारवकारलोपः । जहातेरालोपो वा । ईषेर्वन् । ईष्व आचार्यः । इष्व इत्यन्ये । अस्वतन्त्रे किम् । सर्ता सारकः । बाहुलकाद् ह्रसतेः ह्रस्वः ।	
1152	शेवयह्वजिह्वाग्रीवाप्वामीवाः	SevayahvajihvAgrIvApvAmIvAH	वण्	vaR	शेव इत्यन्तोदात्तार्थम् । यान्त्यनेन वह्वः । ह्रस्वो हुगागमश्च । लिहन्त्यनया जिह्वा । लकारस्य जः गुणाभावश्च । गिरन्त्यनया ग्रीवा । ईडागमश्च । अप्नोतीत्याप्वा वायुः । मीवा उदरकृमिः । वायुरित्यन्ये ।	
1153	कॄगॄशॄदॄभ्यो वः	kFgFSFdFByo vaH	व	va	कर्वः काम आखुश्च । गर्वः । शर्वः । दर्वो राक्षसः ।	
1154	कनिन् युवृषितक्षिराजिधन्विद्युप्रतिदिवः	kanin yuvfzitakzirAjiDanvidyupratidivaH	कनिन्	kanin	यौतीति युवा । वृषा इन्द्रः । तक्षा । राजा । धन्वा मरुः । धन्व शरासनम् । द्युवा सूर्यः । प्रतिदीव्यन्त्यस्मिन् प्रतिदिवा दिवसः ।	
1155	सप्यशूभ्यां तुट् च	sapyaSUByAM tuw ca	कनिन्	kanin	सप्त । अष्ट ।	
1156	नञि जहातेः	naYi jahAteH	कनिन्	kanin	अहः ।	
1157	श्वन्नुक्षन्पूषन्प्लीहन्क्लेदन्स्नेहन्मूर्धन्मज्जन्नर्यमन्विश्वप्सन्परिज्जन्मातरिश्वन्मघवन्निति	SvannukzanpUzanplIhankledansnehanmUrDanmajjannaryamanviSvapsanparijjanmAtariSvanmaGavanniti	कनिन्	kanin	एते त्रयोदश कनिप्रत्ययान्ता निपात्यन्ते । श्वयतीति श्वा । उक्षा पूषा । प्लिह गतौ । इकारस्य दीर्घत्वम् । प्लेहतीति प्लीहा कुक्षिव्याधिः । क्लिदू आर्द्रीभावे । क्लिद्यति क्लेदा चन्द्रः । स्निह्यतेर्गुणः । स्निह्यतीति स्नेहा सुहृच्चन्द्रश्च । मुह्यन्त्यस्मिन्नाहते । मूर्धा । मुहेरुपधाया दीर्घो धोऽन्तादेशो रमागमश्च । मज्जत्यस्थिषु मज्जा अस्थिसारः । अर्यपूर्वो माङ् अर्यमा । विश्वं प्साति विश्वप्साग्निः । परिजायते परिज्मा चन्द्रोऽग्निश्च । जनेरुपधालोपो मश्चान्तादेशः । मातरि अन्तरिक्षे श्वयतीति मातरिश्वा । धातोरिकारलोपः । मह पूजायाम् । हस्य घो वुगागमश्च मघवा इन्द्रः	
2001	कृहृभ्यामेणुः	kfhfByAmeRuH	एणु	eRu	करेणुः । हरेणुर्गन्धद्रव्यम् ।	
2002	हनिकुषिनरिकाशिभ्यः कथन्	hanikuzinarikASiByaH kaTan	कथन्	kaTan	हथो विषण्णः । कुष्ठः । नीथो नेता । रथः काष्ठम् ।	
2003	अवे भृञः	ave BfYaH	कथन्	kaTan	अवभृथः ।	
2004	उषिकुषिगार्तिभ्यः स्थन्	uzikuzigArtiByaH sTan	स्थन्	sTan	ओष्ठः कोष्ठम् । गाथा अर्थः । बाहुलकात् शोथः ।	
2005	सर्तेर्णित्	sarterRit	स्थन्	sTan	सार्थः समूहः ।	
2006	जॄवृञ्भ्यामूथन्	jFvfYByAmUTan	ऊथन्	UTan	जरूथं मांसम् । वरूथो रथगुप्तौ ना ।	
2007	पातॄतुदिवचिरिचिसिचिभ्यस्थक्	pAtFtudivaciricisiciByasTak	थक्	Tak	पीथो रविर्घृतं पीथम् । तीर्थं शास्त्राध्वरक्षेत्रोपायोपाध्यायमन्त्रिषु । अवतारर्षिजुष्टाम्भःस्त्रीरजःसु च विश्रुतमिति विश्वः । तुत्थोऽग्निः । उक्थं सामभेदः । रिक्थम् । बाहुलकादृचेरपि । रिक्थमृक्थं धनं वसु । सिक्थम् ।	
2008	अर्तेर्निरि	arterniri	थक्	Tak	निर्ऋथं साम ।	
2009	निशीथगोपीथावगथाः	niSITagopITAvagaTAH	थक्	Tak	निशीथोऽर्धरात्रः रात्रिमात्रं च । गोपीथं तीर्थम् । अवगथः प्रातःस्नातः ।	
2010	गश्चोदि	gaScodi	थक्	Tak	उद्गीथः साम्नो भागविशेषः ।	
2011	समीणः	samIRaH	थक्	Tak	समिथो वह्निः संग्रामश्च ।	
2012	तिथपृष्ठगूथयूथप्रोथाः	tiTapfzWagUTayUTaproTAH	थक्	Tak	तिजेर्जलोपः । तिथोऽनलः कामश्च । पृष्ठम् । गूथं विष्ठा । यूथं समूहः । प्रोथमस्त्री तुरङ्गास्ये प्रोथः प्रस्थित उच्यते ।	
2013	स्फायितञ्चिवञ्चिशकिक्षिपिक्षुदिसृपितृपिदृपिवन्द्युन्दिश्वितिवृत्यजिनीपदिमदिमुदिखिदिछिदिभिदिमन्दिचन्दिदहिदसिदम्भिवसिवाशिशीङ्हसिसिधिशुभिभ्यो रक्	sPAyitaYcivaYciSakikzipikzudisfpitfpidfpivandyundiSvitivftyajinIpadimadimudiKidiCidiBidimandicandidahidasidamBivasivASiSINhasisiDiSuBiByo rak	रक्	rak	द्वात्रिंशद्भ्यो रक् स्यात् । वलि यलोपः । स्फारम् । न्यङ्क्वादित्वात्कुत्वम् । तक्रम् । वक्रम् । शक्रः । क्षिप्रम् । क्षुद्रः । सृप्रश्चन्द्रः । तृप्रः पुरोडाशः । दृप्रो बलवान् । वन्द्रः पूजकः । उन्दी, उन्द्रो जलचरः । श्वित्रं कुष्ठम् । वृत्रो रिपौ ध्वनौ ध्वान्ते शैले चक्रे च दानवे । अजेर्वी, वीरः । नीरम् । पद्रो ग्रामः । मन्द्रो हर्षो देशभेदश्च । मुद्रा प्रत्ययकारिणी । खिद्रो रोगो दरिद्रश्च । छिद्रम् । भिद्रं वज्रम् । मन्द्रः । चन्द्रः । पचाद्यचि चन्दोऽपि । हिमांशुश्चन्द्रमाश्चन्द्रः शशी चन्दो हिमद्युतिः । दहोऽग्निः । दस्रः स्वर्वैद्यः । दम्भ्रः समुद्रः स्वल्पं च । वसेः संप्रसारणे ।	
2014	चकिरम्योरुच्चोपधायाः	cakiramyoruccopaDAyAH	रक्	rak	चुक्रमम्लद्रव्यम् । रुम्रोऽरुणः ।	
2015	वौ कसेः	vO kaseH	रक्	rak	विकुस्रश्चन्द्रः ।	
2016	अमितम्योर्दीर्घश्च	amitamyordIrGaSca	रक्	rak	आम्रम् । ताम्रम् ।	
2017	निन्देर्नलोपश्च	nindernalopaSca	रक्	rak	निद्रा ।	
2018	अर्देर्दीर्घश्च	arderdIrGaSca	रक्	rak	आर्द्रम् ।	
2019	शुचेर्दश्च	SucerdaSca	रक्	rak	शूद्रः ।	
2020	दुरीणो लोपश्च	durIRo lopaSca	रक्	rak	दुःखेनेयते प्राप्यत इति दूरम् ।	
2021	कृतेश्छः क्रू च	kfteSCaH krU ca	रक्	rak	कृच्छ्र्म् । क्रूरः ।	
2022	रोदेर्णिलुक् च	roderRiluk ca	रक्	rak	रोदयतीति रुद्रः ।	
2023	बहुलमन्यत्रापि संज्ञाछन्दसोः	bahulamanyatrApi saMjYACandasoH	रक्	rak	णिलुगित्येव । वान्ति पर्णशुषो वातास्ततः पर्णमुचोऽपरे ।	
2024	जोरी च	jorI ca	रक्	rak	जीरोऽणुः । ज्यश्चेत्येके ।	
2025	सुसूधागृधिभ्यः क्रन्	susUDAgfDiByaH kran	क्रन्	kran	सुरः । सूरः । धीरः । गृध्रः ।	
2026	शुसिचिमीनां दीर्घश्च	SusicimInAM dIrGaSca	क्रन्	kran	शुः सौत्रः । शूरः । सीरम् । चीरम् । भीरः समुद्रः ।	
2027	वा विन्धेः	vA vinDeH	क्रन्	kran	वीध्रं विमलम् ।	
2028	वृधिवपिभ्यां रन्	vfDivapiByAM ran	रन्	ran	वर्ध्रं चर्म । वप्रः प्राकारः ।	
2029	ऋज्रेन्द्राग्रवज्रविप्रकुव्रचुव्रक्षुरखुरभद्रोग्रभेरभेलशुक्रशुक्लगौरवम्रेरामालाः	fjrendrAgravajraviprakuvracuvrakzuraKuraBadrograBeraBelaSukraSuklagOravamrerAmAlAH	रन्	ran	रन्नन्ता ऊनविंशतिः । निपातनाद्गुणाभावः । ऋज्रो नायकः । इदि इन्द्रः । अङ्गेर्नलोपः । अग्रम् । वज्रोऽस्त्री हीरके पवौ । डुवप् उपधाया इत्वम् विप्रः । कुम्बिचुम्ब्योर्नलोपः । कुब्रमरण्यम् । चुब्रं मुखम् । क्षुर विलेखने रेफलोपः । अगुणः । क्षुरः । खुर छेदने रलोपो गुणाभावश्च । खुरः । भन्देर्नलोपः भद्रम् । उच समवाये । चस्य गः । उग्रः । ञिभी । भेरी । पक्षे लः । भेलो जलतरणद्रव्यम् । शुचेश्चस्य कः । शुक्रः । पक्षे लः । शुक्लः । गुङ् वृद्धिः । गौरोऽरुणे सिते पीते । वन संभक्तौ । वम्रो विभागी इणो गुणाभावः । इरा मद्ये च वारिणि । मा माने माला ।	
2030	समि कस उकन्	sami kasa ukan	उकन्	ukan	कस गतौ । सम्यक्कसन्ति पलायन्ते जना अस्मादिति सङ्कसुको दुर्जनः अस्थिरश्च ।	
2031	पचिनशोर्णुकन्कनुमौ च	pacinaSorRukankanumO ca	णुकन्, कनुम्	Rukan, kanum	पचेः कः । पाकुकः सूपकारः । नशेर्नुम् । नंशुकः ।	
2032	भियः क्रुकन्	BiyaH krukan	क्रुकन्	krukan	भीरुकः ।	
2033	क्वुन् शिल्पिसंज्ञयोरपूर्वस्यापि	kvun SilpisaMjYayorapUrvasyApi	क्वुन्	kvun	रजकः । इक्षुकुट्टकः । चरकः । चष भक्षणे । चषकः । शुनकः । भषकः ।	
2034	रमे रश्च लो वा	rame raSca lo vA	क्वुन्	kvun	रमको विलासी । लमकः ।	
2035	जहातेर्द्वे च	jahAterdve ca	क्वुन्	kvun	जहकस्त्यागी कालश्च ।	
2036	ध्मो धम च	Dmo Dama ca	क्वुन्	kvun	धमकः कर्मकारः ।	
2037	हनो वध च	hano vaDa ca	क्वुन्	kvun	वधकः ।	
2038	बहुलमन्यत्रापि	bahulamanyatrApi	क्वुन्	kvun	कुह विस्मापने । कुहकः । कृतकम् ।	
2039	कृषेर्वृद्धिश्चोदीचाम्	kfzervfdDiScodIcAm	क्वुन्	kvun	कार्षकः । कृषकः ।	
2040	उदकं च	udakaM ca	क्वुन्	kvun	प्रपञ्चार्थम् ।	
2041	वृश्चिकृष्योः किकन्	vfScikfzyoH kikan	किकन्	kikan	वृश्चिकः । कृषिकः ।	
2042	प्राङिपणिकषः	prANipaRikazaH	किकन्	kikan	प्रापणिकः पण्यविक्रयी । प्राकषिकः परदारोपजीवी ।	
2043	मुषेर्दीर्घश्च	muzerdIrGaSca	किकन्	kikan	मूषिक आखुः ।	
2044	स्यमेः संप्रसारणं च	syameH saMprasAraRaM ca	किकन्	kikan	चाद्दीर्घः । सीमिको वृक्षभेदः ।	
2045	क्रिय इकन्	kriya ikan	इकन्	ikan	क्रयिकः क्रेता ।	
2046	आङि पणिपनिपतिखनिभ्यः	ANi paRipanipatiKaniByaH	इकन्	ikan	आपणिकः । आपनिकः इन्द्रनीलः किरातश्च । आपतिकः श्येनो दैवायत्तश्च । आखनिको मूषिको वराहश्च ।	
2047	श्यास्त्याहृञविभ्य इनच्	SyAstyAhfYaviBya inac	इनच्	inac	श्येनः । स्त्येनः । हरिणः । अविनोऽध्वर्युः ।	
2048	वृजेः किच्च	vfjeH kicca	इनच्	inac	वृजिनम् ।	
2049	अजेरज च	ajeraja ca	इनच्	inac	वीभावबाधनार्थम् । अजिनम् ।	
2050	बहुलमन्यत्रापि	bahulamanyatrApi	इनच्	inac	कठिनम् । नलिनम् । मलिनम् । कुण्डिनम् । द्यतेः यत्परुषि दिनम् । दिवसोऽपि दिनम् ।	
2051	द्रुदक्षिभ्यामिनन्	drudakziByAminan	इनन्	inan	द्रविणम् । दक्षिणः । दक्षिणा ।	
2052	अर्तेः किदिच्च	arteH kidicca	इनन्	inan	इरिणं शून्यम् ।	
2053	वेपितुह्योर्ह्रस्वश्च	vepituhyorhrasvaSca	इनन्	inan	विपिनम् । तुहिनम् ।	
2054	तलिपुलिभ्यां च	talipuliByAM ca	इनन्	inan	तलिनं विरले स्तोके स्वच्छेऽपि तलिनं त्रिषु । पुलिनम् ।	
2055	गर्वेरत उच्च	garverata ucca	इनन्	inan	गौरादित्वात् ङीष् । गुर्विणी । गर्भिणी ।	
2056	रुहेश्च	ruheSca	इनन्	inan	रोहिणः ।	
2057	महेरिनण् च	maherinaR ca	इनण्	inaR	चादिनन् । माहिनन् । महिनं राज्यम् ।	
2058	क्विब्वचिप्रच्छिश्रिस्रुद्रुप्रुज्वां दीर्घोऽसंप्रसारणं च	kvibvacipracCiSrisrudruprujvAM dIrGosaMprasAraRaM ca	क्विप्	kvip	वाक् । प्राट् । श्रीः । स्रवत्यतो घृतादिकमिति स्रूर्यज्ञोपकरणम् । द्रूर्हिरण्यम् । कटप्रूः कामरूपी कीटश्च । जूराकाशे सरस्वत्यां पिशाच्यां जवने स्त्रियाम् ।	
2059	आप्नोतेर्ह्रस्वश्च	ApnoterhrasvaSca	क्विप्	kvip	आपः । अपः । अद्भिः । अद्भ्यः ।	
2060	परौ व्रजेः षश्च पदान्ते	parO vrajeH zaSca padAnte	क्विप्	kvip	व्रजेः क्विब्दीर्घौ स्तः पदान्ते तु षश्च । परिव्राट् । परिव्राजौ ।	
2061	हुवः श्लुवच्च	huvaH Sluvacca	क्विप्	kvip	जुहूः ।	
2062	स्रुवः कः	sruvaH kaH	क	ka	स्रुवः ।	
2063	चिक् च	cik ca	चिक्	cik	इकार उच्चारणार्थः । क इत् कुत्वम् । स्रुवं च स्रुचश्च संमृड्ढि ।	
2064	तनोतेरनश्च वः	tanoteranaSca vaH	चिक्	cik	तनोतेश्चिक् प्रत्ययः । अनो वशब्दादेशश्च । त्वक् ।	
2065	ग्लानुदिभ्यां डौः	glAnudiByAM qOH	डौ	qO	ग्लौः । नौः ।	
2066	च्विरव्ययम्	cviravyayam	डौ	qO	डौरित्येव । ग्लौकरोति । [[1.1.39]] <<कृन्मेजन्तः>> इति सिद्धे नियमार्थमिदम् । उणादिप्रत्ययान्तश्च्व्यन्त एवेति ।	
2067	रातेर्डैः	rAterqEH	डै	qE	राः । रायौ । रायः ।	
2068	गमेर्डोः	gamerqoH	डो	qo	गौर्नादित्ये बलीवर्दे किरणक्रतुभेदयोः । स्त्री तु स्याद्दिशि भारत्यां भूमौ च सुरभावपि । नृस्त्रियोः स्वर्गवज्राम्बुरश्मिदृग्बाणलोमसु । बाहुलकाद् द्युतेरपि डोः । द्यौः स्त्री स्वर्गान्तरिक्षयोः ।	
2069	भ्रमेश्च डूः	BrameSca qUH	डू	qU	भ्रूः । चाद्गमेः । अग्रेगूः ।	
2070	दमेर्डोसिः	damerqosiH	डोसि	qosi	दोः । दोषौ ।	
2071	पणेरिज्यादेश्च वः	paRerijyAdeSca vaH	इजि	iji	वणिक् । स्वार्थेऽण् । नैगमो वाणिजो वणिक् ।	
2072	वशेः कित्	vaSeH kit	इजि	iji	उशिगग्नौ घृतेपि च ।	
2073	भृञ ऊच्च	BfYa Ucca	इजि	iji	भूरिक् भूमिः ।	
2074	जसिसहोरुरिन्	jasisahorurin	उरिन्	urin	जसुरिर्व्रज्रम् । सहुरिरादित्यः पृथिवी च ।	
2075	सुयुरुवृञो युच्	suyuruvfYo yuc	युच्	yuc	सवश्चन्द्रमाः । यवनः । रवणः । कोकिलः । वरणः ।	
2076	अशेरश च	aSeraSa ca	युच्	yuc	अश्नोतेर्युच् स्यात् रशादेशश्च । रशना काञ्ची । जिह्वावाची तु दन्त्यसकारवान् ।	
2077	उन्देर्नलोपश्च	undernalopaSca	युच्	yuc	ओदनः ।	
2078	गमेर्गश्च	gamergaSca	युच्	yuc	गमेर्युच् स्याद्गश्चादेशः । गगनम् ।	
2079	बहुलमन्यत्रापि	bahulamanyatrApi	युच्	yuc	युच् स्यात् । स्यन्दनः । रोचना ।	
2080	रञ्जेः क्युन्	raYjeH kyun	क्युन्	kyun	रजनम् ।	
2081	भूसूधूभ्रस्जिभ्यश्छन्दसि	BUsUDUBrasjiByaSCandasi	क्युन्	kyun	भुवनम् । सुवन आदित्यः । धवनो वह्निः । निधुवनं सुरतम् । भृज्जनमम्बरीषम् ।	
2082	कॄपॄवृजिमन्दिनिधाञः क्युः	kFpFvfjimandiniDAYaH kyuH	क्यु	kyu	किरणः । पुरणः समुद्रः । वृजनमन्तरिक्षम् । मन्दनं स्तोत्रम् । निधनम् ।	
2083	धृषेर्धिष् च संज्ञायाम्	DfzerDiz ca saMjYAyAm	क्यु	kyu	धिषणो गुरुः । धिषणा धीः ।	
2084	वर्तमाने पृषद्बृहन्महज्जगच्छतृवच्च	vartamAne pfzadbfhanmahajjagacCatfvacca	अति	ati	अतिप्रत्ययान्ताः । पृषु सेचने गुणाभावः पृषन्ति । बृहत् महान् । गमेर्जगादेशः । जगत् ।	
2085	संश्चत्तृपद्वेहत्	saMScattfpadvehat	अति	ati	एते निपात्यन्ते । पृथक्करणं शतृवद्भावनिवृत्त्यर्थम् । संचिनोतेः सुट् इकारलोपः । संश्चत् कुहकः । तृषत् छत्रम् । विपूर्वाद्धन्तेष्टिलोपः । इत ए च । वेहद्गर्भोपघातिनी ।	
2086	छन्दस्यसानच् शुजॄभ्याम्	CandasyasAnac SujFByAm	असानच्	asAnac	शवसानः पन्थाः । जरसानः पुरुषः ।	
2087	ऋञ्जिवृद्धिमन्दिसहिभ्यः कित्	fYjivfdDimandisahiByaH kit	असानच्	asAnac	ऋञ्जसानो मेघः । वृधसानः पुरुषः । मन्दसानोऽग्निर्जीवश्च । सहसानो यज्ञो मयूरश्च ।	
2088	अर्तेर्गुणः शुट् च	arterguRaH Suw ca	असानच्	asAnac	अर्शसानोऽग्निः ।	
2089	सम्यानच्स्तुवः	samyAnacstuvaH	आनच्	Anac	संस्तवानो वाग्मी ।	
2090	युधिबुधिदृशिभ्यः किच्च	yuDibuDidfSiByaH kicca	आनच्	Anac	युधानः । बुधानः । दृशानो लोकपालकः ।	
2091	हुर्छेः सनो लुक् छलोपश्च	hurCeH sano luk CalopaSca	आनच्	Anac	जुहुराणश्चन्द्रमाः ।	
2092	श्वितेर्दश्च	SviterdaSca	आनच्	Anac	शिश्विदानः पुण्यकर्मा ।	
2093	तृन्तृचौ शंसिक्षदादिभ्यः संज्ञायां चानिटौ	tfntfcO SaMsikzadAdiByaH saMjYAyAM cAniwO	तृन्, तृच्	tfn, tfc	शंसेः क्षदादिभ्यश्च क्रमात्तृन्तृचौ स्तः तौ चानिटौ । शंस्ता स्तोता । शंस्तरौ । शंस्तरः । क्षदिः सौत्रो धातुः शकलीकरणे भक्षणे च । अनुदात्तेत् । वृक्ये चक्षदानमिति मन्त्रात् । उक्षाणं वा वेहतं वा क्षदन्ते इति ब्राह्मणाच्च । क्षत्ता स्यात्सारथौ द्वाःस्थे क्षत्रियायां च शूद्रजे ।	
2094	बहुलमन्यत्रापि	bahulamanyatrApi	तृन्, तृच्	tfn, tfc	मन् । मन्ता । हन् । हन्ता । इत्यादि ।	
2095	नप्तृनेष्टृत्वष्टृहोतृपोतृभ्रातृजामातृमातृपितृदुहितृ	naptfnezwftvazwfhotfpotfBrAtfjAmAtfmAtfpitfduhitf	तृन्, तृच्	tfn, tfc	न पतन्त्यनेन नप्ता पौत्रो दौहित्रश्च । नयतेः पुग्गुणश्च । नेष्टा । त्विषेरितोऽत्वम् । त्वष्टा । होता । पोता ऋत्विग्भेदः । भ्राजतेर्जलोपः । भ्राता । जायां माति जामाता । मान पूजायां नलोपः । माता । पातेराकारस्य इत्वम् । पिता । दुहेस्तृच इट् गुणाभावश्च । दुहिता ।	
2096	सुञ्यसेर्ऋन्	suYyaserfn	ऋन्	fn	स्वसा ।	
2097	यतेर्वृद्धिश्च	yatervfdDiSca	ऋन्	fn	याता । भार्यास्तु भ्रातृवर्गस्य यातरः स्युः परस्परम् ।	
2098	नञि च नन्देः	naYi ca nandeH	ऋन्	fn	न नन्दति ननान्दा । इह वृद्धिर्नानुवर्तत इत्येके । ननान्दा तु स्वसा पत्युर्ननन्दा नन्दिनी च सेति शब्दार्णवः ।	
2099	दिवेर्ऋः	diverfH	ऋ	f	देवा देवरः । स्वामिनो देवृ देवरौ ।	
2100	नयतेर्डिच्च	nayaterqicca	ऋ	f	ना । नरौ नरः ।	
2101	सव्ये स्थश्छन्दसि	savye sTaSCandasi	ऋ	f	[[8.3.97]] <<अम्बाम्ब...>> इत्यत्र ‘स्थास्थिन्स्थूणामुपसंख्यानम्’ । सव्येष्टा सारथिः । सव्येष्टरौ । सव्येष्टरः ।	
2102	अर्तिसृधृधम्यश्यवितॄभ्योऽनिः	artisfDfDamyaSyavitFByoniH	अनि	ani	सरणिः । धरणिः । धमनिः । अमनिर्गतिः । अशनिः । अवनिः । तरणिः । बाहुलकात् रजनिः ।	
2103	आङि शुषेः सनश्छन्दसि	ANi SuzeH sanaSCandasi	अनि	ani	आशुशुक्षणिरग्निर्वातश्च ।	
2104	कृषेरादेश्च चः	kfzerAdeSca caH	अनि	ani	चर्षणिर्जनः ।	
2105	अदेर्मुट् च	adermuw ca	अनि	ani	अद्मनिरग्निः ।	
2106	वृतेश्च	vfteSca	अनि	ani	वर्तनिः । गोवर्धनस्तु चकारान्मुट् वर्त्मनिरित्याह ।	
2107	क्षिपेः किच्च	kzipeH kicca	अनि	ani	क्षिपणिरायुधम् ।	
2108	अर्चिशुचिहुसृपिछादिछर्दिभ्य इसिः	arciSucihusfpiCAdiCardiBya isiH	इसि	isi	अर्चिर्ज्वाला । इदन्तोऽप्ययम् । अग्नेर्भ्राजन्ते अर्चयः । शोचिर्दीप्तिः । हविः सर्पिः । [[6.4.97]] <<इस्मन्...>> इति ह्रस्वः । छदिः पटलम् । छर्दिर्वमनव्याधिः । इदन्तोऽपि । छर्द्यतीसारशूलवान् ।	
2109	बृंहेर्नलोपश्च	bfMhernalopaSca	इसि	isi	बर्हिर्ना कुशशुष्मणोः ।	
2110	द्युतेरिसिन्नादेश्च जः	dyuterisinnAdeSca jaH	इसिन्	isin	ज्योतिः ।	
2111	वसौ रुचेः संज्ञायाम्	vasO ruceH saMjYAyAm	इसिन्	isin	वसुरोचिर्यज्ञः ।	
2112	भुवः कित्	BuvaH kit	इसिन्	isin	भुविः समुद्रः ।	
2113	सहो धश्च	saho DaSca	इसिन्	isin	सिधिरनड्वान् ।	
2114	पिबतेस्थुक्	pibatesTuk	इसिन्	isin	पाथिश्चक्षुःसमुद्रयोः ।	
2115	जनेरुसिः	janerusiH	उसि	usi	जनुर्जननम् ।	
2116	मनेर्धश्छन्दसि	manerDaSCandasi	उसि	usi	मधुः ।	
2117	अर्तिपॄवपियजितनिधनितपिभ्यो नित्	artipFvapiyajitaniDanitapiByo nit	उसि	usi	अरुः । परुर्ग्रन्थिः । वपुः । यजुः । तनुः । तनुषी । तनूंषि । धनुरस्त्रियाम् । धनुर्वंशविशुद्धोऽपि निर्गुणः किं करिष्यति । सान्तस्य उदन्तस्य वा रूपम् । तपुः सूर्याग्निशत्रुषु ।	
2118	एतेर्णिच्च	eterRicca	उसि	usi	आयुः । आयुषी ।	
2119	चक्षेः शिच्च	cakzeH Sicca	उसि	usi	चक्षुः ।	
2120	मुहेः किच्च	muheH kicca	उसि	usi	मुहुरव्ययम् ।	
2121	बहुलमन्यत्रापि	bahulamanyatrApi	उसि	usi	आचक्षुः । परिचक्षुः ।	
2122	कॄगॄशॄवृञ्चतिभ्यः ष्वरच्	kFgFSFvfYcatiByaH zvarac	ष्वरच्	zvarac	कर्वरो व्याघ्ररक्षसोः । गर्वरोऽहंकारी । शर्वरी रात्रिः । वर्वरः प्राकृतो जनः । चत्वरम् ।	
2123	नौ सदेः	nO sadeH	ष्वरच्	zvarac	निपद्वरस्तु जम्बालः । निपद्वरी रात्रिः	
3001	छित्वरछत्वरधीवरपीवरमीवरचीवरतीवरनीवरगह्वरकट्वरसंयद्वराः	CitvaraCatvaraDIvarapIvaramIvaracIvaratIvaranIvaragahvarakawvarasaMyadvarAH	ष्वरच्	zvarac	एकादश प्वरच्प्रत्ययान्ता निपात्यन्ते । छिदिर् छद् अनयोस्तकारोऽन्तादेशः छिदेर्गुणाभावश्च । छित्वरो धूर्तः । छत्वरो गृहकुञ्जयोः । धीवरः कैवर्तः । पीवरः स्थूलः । मीवरो हिंसकाः । चिनोतेर्दीर्घश्च । चीवरं भिक्षुकप्रावरणं । तीवरो जातिविशेषः । नीवरः परिव्राट् । गाहतेर्ह्रस्वत्वम् । गह्वरम् । कटे वर्षादौ । कट्वरं व्यजनम् । यमेर्दकारः । संयद्वरो नृपः । पदेः संपद्वरः इत्येके ।	
3002	इण्सिञ्जिदीङुष्यविभ्यो नक्	iRsiYjidINuzyaviByo nak	नक्	nak	इनः सूर्ये नृपे पत्यौ । सिनः काणः । जिनोऽर्हन् । दीनः । उष्णः । ऊनः ।	
3003	फेनमीनौ	PenamInO	नक्	nak	एतौ निपात्येते । स्फायतेः फेनः । मीनः ।	
3004	कृषेर्वर्णे	kfzervarRe	नक्	nak	कृष्णः ।	
3005	बन्धेर्ब्रधिबुधी च	banDerbraDibuDI ca	नक्	nak	ब्रध्नः । बुध्नः ।	
3006	धापॄवस्यज्यतिभ्यो नः	DApFvasyajyatiByo naH	न	na	धाना भ्रष्टयवे स्त्रियः । पर्णं पत्रम् । पर्णः किंशुकः । वस्नो मूल्ये वेतने च । अजेर्वी । वेनः । अत्न आदित्यः । बाहुलकात् । शृणोतेः श्रोणः पङ्गुः ।	
3007	लक्षेरट् च	lakzeraw ca	न	na	लक्षेश्चुरादिण्यन्तान्नः स्यात्तस्याडागमश्च । चान्मुडित्येके । लक्षणं लक्ष्मणं नाम्नि चिन्हे च । लक्षणो लक्ष्मणश्च रामभ्राता । लक्षणा हंसयोषायां सारसस्य च लक्ष्मणा ।	
3008	वनेरिच्चोपधायाः	vanericcopaDAyAH	न	na	वेन्ना नदी ।	
3009	सिवेष्ठेर्यू च	sivezWeryU ca	न	na	दीर्घोच्चारणसामर्थ्यान्न गुणः । स्यून आदित्यः । बाहुलकात् केवलो नः । ऊठ् । अन्तरङ्गत्वाद्यण् । गुणः । स्योनः ।	
3010	कॄवॄजॄसिद्रुपन्यनिस्वपिभ्यो नित्	kFvFjFsidrupanyanisvapiByo nit	न	na	कर्णः । वर्णः । जर्णश्चन्द्रे च वृक्षे च । सेना । द्रोणः । पन्नो नीचैर्गतिः । अन्नमोदनः । स्वप्नो निद्रा ।	
3011	धेट इच्च	Dewa icca	न	na	धेनः सिन्धुर्नदी धेना ।	
3012	तृषिशुषिरसिभ्यः कित्	tfziSuzirasiByaH kit	न	na	तृष्णा । शुष्णः सूर्यो वह्निश्च । रस्नं द्रव्यम् ।	
3013	सुञो दीर्घश्च	suYo dIrGaSca	न	na	सूना वधस्थानम् ।	
3014	रमेस्त च	ramesta ca	न	na	रमयतीति रत्नम् ।	
3015	रास्नासास्नास्थूणावीणाः	rAsnAsAsnAsTURAvIRAH	न	na	रास्ना गन्धद्रव्यम् । सास्ना गोगलकम्बलः । स्थूणा गृहस्तम्भः । वीणा वल्लकी ।	
3016	गादाभ्यामिष्णुच्	gAdAByAmizRuc	इष्णुच्	izRuc	गेष्णुर्गायनः । देष्णुर्दाता ।	
3017	कृत्यशूभ्यां क्स्नः	kftyaSUByAM ksnaH	क्स्न	ksna	कृत्स्नम् । अक्ष्णमखण्डम् ।	
3018	तिजेर्दीर्घश्च	tijerdIrGaSca	क्स्न	ksna	तीक्ष्णम् ।	
3019	श्लिषेरच्चोपधायाः	SlizeraccopaDAyAH	क्स्न	ksna	श्लक्ष्णम् ।	
3020	यजिमनिशुन्धिदसिजनिभ्यो युच्	yajimaniSunDidasijaniByo yuc	युच्	yuc	यज्युरध्वर्युः। मन्युर्दैन्ये क्रतौ क्रुधि । शुन्ध्युरग्निः । दस्युस्तस्करः । जन्युः शरीरी ।	
3021	भुजिमृङ्भ्याम् युक्त्युकौ	BujimfNByAm yuktyukO	युक्, त्युक्	yuk, tyuk	भुज्युर्भाजनम् । मृत्युः ।	
3022	सर्तेरयुः	sarterayuH	अयु	ayu	सरयुर्नदी । अयूरिति पाठान्तरम् । सरयूः ।	
3023	पानीविषिभ्यः पः	pAnIviziByaH paH	प	pa	पाति रक्षत्यस्मादात्मानमिति पापम् । तद्योगात्पापः । नेपः पुरोहितः । बाहुलकाद्गुणाभावे नीपो वृक्षविशेषः । वेष्पः पानीयम् ।	
3024	च्युवः किच्च	cyuvaH kicca	प	pa	च्युपो वक्त्रम् ।	
3025	स्तुवो दीर्घश्च	stuvo dIrGaSca	प	pa	स्तूपः समुच्छ्रायः ।	
3026	सुशॄभ्यां निच्च	suSFByAM nicca	प	pa	चात्कित् । सूपः । बाहुलकादूत्वम् । शूर्पम् ।	
3027	कुयुभ्यां च	kuyuByAM ca	प	pa	कुवन्ति मन्ण्डूका अस्मिन् कूपः । युवन्ति बध्नन्त्यस्मिन्पशुमिति यूपो यज्ञस्थम्भः ।	
3028	खष्पशिल्पशष्पबाष्परूपपर्पतल्पाः	KazpaSilpaSazpabAzparUpaparpatalpAH	प	pa	सप्तैते पप्रत्ययान्ता निपात्यन्ते । खनतेर्नकारस्य पत्वम् । खष्पौ क्रोधबलात्कारौ शीलतेर्ह्रस्वः । शिल्पं कौशलम् । शसु हिंसायाम् निपातनात्पत्वम् । शष्पं बालतृणं प्रतिभाक्षयश्च । बधतेः पः । बाष्पो नेत्रजलोष्मणोः । बाष्पं च । रौतेर्दीर्घ । रूपं स्वभावे सौन्दैर्ये । पॄ । पर्पं गृहं बालतृणं पङ्गुपीठं च । तल प्रतिष्ठाकरणे चुरादिणिचो लुक् । तल्पं शय्याट्टदारेषु ।	
3029	स्तनिह्रुषिपुपिगदिमदिभ्यो णेरित्नुच्	stanihruzipupigadimadiByo Reritnuc	इत्नुच्	itnuc	’अयामन्त-२३११’ इति णेरयादेशः । स्तनयित्नुः । हर्षयित्नुः । पोपयित्नुः गदयित्नुर्वावदूकः । मदयित्नुर्मदिरा ।	
3030	कृहनिभ्यां क्त्नुः	kfhaniByAM ktnuH	क्त्नु	ktnu	कृत्नुः शिल्पीः । हत्नुर्व्याधिः शस्त्रं च ।	
3031	गमेः सन्वच्च	gameH sanvacca	क्त्नु	ktnu	जिगत्नुः ।	
3032	दाभाभ्यां नुः	dABAByAM nuH	नु	nu	दानुर्द्ता । भानुः ।	
3033	वचेर्गश्च	vacergaSca	नु	nu	वग्नुः ।	
3034	धेट इच्च	Dewa icca	नु	nu	धयति सुतानिति धेनुः ।	
3035	सुवः कित्	suvaH kit	नु	nu	सूनुः पुत्रेऽनुजे रवौ ।	
3036	जहातेर्द्वेऽन्तलोपश्च	jahAterdventalopaSca	नु	nu	जह्नुः ।	
3037	स्थो णुः	sTo RuH	णु	Ru	स्थाणुः कीले स्थिरे हरे ।	
3038	अजिवृरीभ्यो निच्च	ajivfrIByo nicca	णु	Ru	अजेर्वी । वेणुः । वर्णुर्नददेशभेदयोः । रेणुर्द्वयोः स्त्रियां धूलिः ।	
3039	विषेः किच्च	vizeH kicca	णु	Ru	विष्णुः ।	
3040	कृदाधारार्चिकलिभ्यः कः	kfdADArArcikaliByaH kaH	क	ka	बाहुलकान्न कस्येत्संज्ञा । कर्को धवलघोटकः । दाको दाता । धाकोऽनड्वानाधारश्च । राका पौर्णमासी अर्कः । कल्कः पापाशये पापे दम्भे विट्किट्टयोरपि ।	
3041	सृवृभूशुषिमुषिभ्यः कक्	sfvfBUSuzimuziByaH kak	कक्	kak	सृक उत्पलवातयोः । वृकः श्वापदकाकयोः । भूकं छिद्रम् । शुष्कः । मुष्कोऽण्डम् ।	
3042	शुकवल्कोल्काः	SukavalkolkAH	कक्	kak	शुभेरन्त्यलीपः । शुकः । वल्कं वल्कलमस्त्रियाम् । उष दाहे । षस्य लः । उल्का ।	
3043	इण्भीकापाशल्यतिमर्चिभ्यः कन्	iRBIkApASalyatimarciByaH kan	कन्	kan	एके मुख्यान्यकेवलाः । भेको मण्डूकमेषयोरिति विश्वभेदिन्यौ । काकः । पाकः शिशुः । शल्कं शकलम् । अत्कः पथिकः शरीरावयवश्च । मर्कः शरीरवायुः ।	
3044	नौ हः	nO haH	कन्	kan	जहातेः कन् स्यान्नो । निहाका गोधिका ।	
3045	नौ सदेर्डिच्च	nO saderqicca	कन्	kan	निष्कोऽस्त्री हेम्नि तत्पले ।	
3046	स्यमेरीट् च	syamerIw ca	कन्	kan	स्यमीको वल्मिकः वृक्षभेदश्च । इट्ह्रस्व इति केचित् । स्यमिकः ।	
3047	अजियुधुनीभ्यो दीर्घश्च	ajiyuDunIByo dIrGaSca	कन्	kan	वीकः स्याद्वातपक्षिणोः । यूका । धूको वायुः । नीको वृक्षविशेषः ।	
3048	ह्रियो रश्च लो वा	hriyo raSca lo vA	कन्	kan	ह्रीका ह्लीका त्रपा मता ।	
3049	शकेरुनोन्तोन्त्युनयः	SakerunontontyunayaH	उन, उन्त, उन्ति, उनि	una, unta, unti, uni	उन उन्त उन्ति उनि एते चत्वारः स्युः । शकुनः । शकुन्तः । शकुन्तिः । शकुनिः ।	
3050	भुवो झिच्	Buvo Jic	झिच्	Jic	भवन्तिर्वर्तमानकालः । बहुलकादवेश्च । अवन्तिः । वदेर्वदन्तिः । किंवदन्ती जनश्रुतिः ।	
3051	कन्युच्क्षिपेश्च	kanyuckzipeSca	कन्युच्	kanyuc	चाद्भुवः । क्षिपण्युर्वसन्त इत्युज्ज्वलदत्तः । भवन्युः स्वामिसूर्ययोः ।	
3052	अनुङ्नदेश्च	anuNnadeSca	अनुङ्	anuN	चात्क्षिपेः । नदनुर्मेघः । क्षिपणुर्वातः ।	
3053	कॄवृदारिभ्य उनन्	kFvfdAriBya unan	उनन्	unan	करुणो वृक्षभेदः स्यात्करुणा च कृपा मता । वरुणः । दारुणम् ।	
3054	त्रो रश्च लो वा	tro raSca lo vA	उनन्	unan	तरुणस्तलुनो युवा ।	
3055	क्षुधिपिशिमिथिभ्यः कित्	kzuDipiSimiTiByaH kit	उनन्	unan	क्षुधुनो म्लेच्छजातिः । पिशुनः । मिथुनम् ।	
3056	फलेर्गुक् च	Palerguk ca	उनन्	unan	फल्गुनः पार्थः । प्रज्ञाद्यण् । फाल्गुनः ।	
3057	अशेर्लशश्च	aSerlaSaSca	उनन्	unan	लशुनम् ।	
3058	अर्जेर्णिलुक् च	arjerRiluk ca	उनन्	unan	अर्जुनः ।	
3059	तृणाख्यायां चित्	tfRAKyAyAM cit	उनन्	unan	चित्त्वादन्तोदात्तः । अर्जुनं तृणम् ।	
3060	अर्तेश्च	arteSca	उनन्	unan	अरुणः ।	
3061	अजियमिशीङ्भ्यश्च	ajiyamiSINByaSca	उनन्	unan	वयुनं देवमन्दिरम् । यमुना । शयुनोऽजगरः ।	
3062	वॄतॄवदिहनिकमिकशिभ्यः सः	vFtFvadihanikamikaSiByaH saH	स	sa	वर्सः । तर्सः प्लवसमुद्रयोः । वत्सः । वत्सम् । वक्षः । हंसः । कंसोऽस्त्री पानभाजनम् । कक्षं नक्षत्रम् ।	
3063	प्लुषेरच्चोपधायाः	pluzeraccopaDAyAH	स	sa	प्लक्षः ।	
3064	मनेर्दीर्घश्च	manerdIrGaSca	स	sa	मांसम् ।	
3065	अशेर्देवने	aSerdevane	स	sa	अक्षः ।	
3066	स्नुव्रश्चिकृत्यृषिभ्यः कित्	snuvraScikftyfziByaH kit	स	sa	स्नुषा । वृक्षः । कुत्समुदकम् । ऋक्षं नक्षत्रम् ।	
3067	ऋषेर्जातौ	fzerjAtO	स	sa	ऋक्षोऽद्रिभेदे भल्लूके इति च ।	
3068	उन्दिगुथिकुषिभ्यश्च	undiguTikuziByaSca	स	sa	उत्सः प्रस्रवणम् । गुत्सः स्तबकः । उक्षो जठरम् ।	
3069	गृधिपण्योर्दकौ च	gfDipaRyordakO ca	स	sa	गुत्सः कामदेवः । पक्षः ।	
3070	अशेः सरः	aSeH saraH	सर	sara	अक्षरम् ।	
3071	वसेश्च	vaseSca	सर	sara	वत्सरः ।	
3072	सपूर्वाच्चित्	sapUrvAccit	सर	sara	संवत्सरः ।	
3073	कृधूमधिभ्यः कित्	kfDUmaDiByaH kit	सर	sara	बाहुलकान्न षत्वम् । कृसरः स्यात्तिलौदनम् । धूसरः । मत्सरः । मत्सरा मक्षिका ज्ञेया भम्भराली च सा मता ।	
3074	पते रश्च लः	pate raSca laH	सर	sara	पत्सलः पन्थाः ।	
3075	तन्यृषिभ्यां क्सरन्	tanyfziByAM ksaran	क्सरन्	ksaran	तसरः सूत्रवेष्टने । ऋक्षरः ऋत्विक् ।	
3076	पीयुक्कणिभ्यां कालन् ह्रस्वः संप्रसारणं च	pIyukkaRiByAM kAlan hrasvaH saMprasAraRaM ca	कालन्	kAlan	पीयुः सौत्रः । पियालो वृक्षभेदः । कुणालो देशभेदः ।	
3077	कटिकुषिभ्यां काकुः	kawikuziByAM kAkuH	काकु	kAku	कटाकुः पक्षी । कुषाकुरग्निः सूर्यश्च ।	
3078	सर्तेर्दुक् च	sarterduk ca	काकु	kAku	सृदाकुर्वातसरितोः ।	
3079	वृतेर्वृद्धिश्च	vftervfdDiSca	काकु	kAku	वार्ताकुः । बाहुलकादुकारस्य अत्वम् । वार्ताकम् ।	
3080	पर्देर्नित्संप्रसारणमल्लोपश्च	pardernitsaMprasAraRamallopaSca	काकु	kAku	पृदाकुर्वृश्चिके व्याघ्रे चित्रके च सरीसृपे ।	
3081	सृयुवचिभ्योऽन्युजागूजक्नुचः	sfyuvaciByonyujAgUjaknucaH	अन्युच्, आगूच्, अक्नुच्	anyuc, AgUc, aknuc	अन्युच् आगूच् अक्नुच् एते क्रमात्स्युः सरण्युर्मेघवातयोः । यवागूः । वचक्नुर्विप्रवाग्मिनोः ।	
3082	आनकः शीङ्भियः	AnakaH SINBiyaH	आनक	Anaka	शयानकोऽजगरः । भयानकः ।	
3083	आणको लुधुशिघिधाञ्भ्यः	ARako luDuSiGiDAYByaH	आणक	ARaka	लवाणकं दात्रम् । धवानको वातः । शिङ्घाणकः श्लेष्मा । पृषोदरादित्वात्पक्षे कलोपः । शिङ्घाणं नासिकामले । धाणको दीनारभागः ।	
3084	उल्मुकदर्विहोमिनः	ulmukadarvihominaH	मुक्, अवि, मिन्	muk, avi, min	उष दाहे । षस्य लः मुकप्रत्ययश्च । उल्मुकं ज्वलदङ्गारम् । दृणातेर्विः । दर्विः । जुहोतेर्मिनिः । होमी ।	
3085	ह्रियः कुक् रश्च लो वा	hriyaH kuk raSca lo vA	कुक्	kuk	ह्राकुः । ह्रीकुर्लज्जावान् ।	
3086	हसिमृग्रिणवाऽमिदमिलूपूधुर्विभ्यस्तन्	hasimfgriRavAmidamilUpUDurviByastan	तन्	tan	दशभ्यस्तन् स्यात् । [[7.2.9]] <<तितुत्र ...>> इति नेट् । हस्तः । मर्तः । गर्तः । एतः कुर्बरः । वातः । दन्तः । अन्तः । लोतः स्यादश्रुचिह्नयोः । पोतो बालवहित्रयोः । धूर्तः । बाहुलकात्तु सेर्दीर्घश्च । तूस्तं पापं । धूलिर्जटा च ।	
3087	नञ्याप इट् च	naYyApa iw ca	तन्	tan	नापितः ।	
3088	तनिमृङ्भ्यां किच्च	tanimfNByAM kicca	तन्	tan	ततम् । मृतम् ।	
3089	अञ्जिघृसिभ्यः क्तः	aYjiGfsiByaH ktaH	क्त	kta	अक्तम् । घृतम् । सितम् ।	
3090	दुतनिभ्यां दीर्घश्च	dutaniByAM dIrGaSca	क्त	kta	दूतः । तातः ।	
3091	जेर्मुट् चोदात्तः	jermuw codAttaH	क्त	kta	जीमूतः ।	
3092	लोष्टपलितौ	lozwapalitO	क्त	kta	लुनातेः क्तः तस्य सुट् धातोर्गुणः । लोष्टम् । पलितम् ।	
3093	हृश्याभ्यामितन्	hfSyAByAmitan	इतन्	itan	हरितश्येतौ वर्णभेदौ ।	
3094	रुहे रश्च लो वा	ruhe raSca lo vA	इतन्	itan	रोहितो मृगमत्स्ययोः । लोहितं रक्तम् ।	
3095	पिशेः किच्च	piSeH kicca	इतन्	itan	पिशितं मांसम् ।	
3096	श्रुदक्षिस्पृहिगृहिभ्य आय्यः	SrudakzispfhigfhiBya AyyaH	आय्य	Ayya	श्रवाय्यो यज्ञपशुः । दक्षाय्यो गरुडो गृध्रश्च । स्पृहयाय्यः । गृहयाय्यो गृहस्वामी ।	
3097	दिधिषाय्यः	diDizAyyaH	आय्य	Ayya	दधातेर्द्वित्वमित्वं षुक् च । मित्र इव यो दिधिषाय्यः ।	
3098	वृञ एण्यः	vfYa eRyaH	एण्य	eRya	वरेण्यः ।	
3099	स्तुवः क्सेय्यश्छन्दसि	stuvaH kseyyaSCandasi	क्सेय्य	kseyya	स्तुषेय्यं पुरुवर्पसम् ।	
3100	राजेरन्यः	rAjeranyaH	अन्य	anya	राजन्यो वह्निः ।	
3101	शॄरम्योश्च	SFramyoSca	अन्य	anya	शरण्यम् । रमण्यम् ।	
3102	अर्तेर्निच्च	arternicca	अन्य	anya	अरण्यम् ।	
3103	पर्जन्यः	parjanyaH	अन्य	anya	पृषु सेचने । षस्य जः । पर्जन्यः शक्रमेघयोः ।	
3104	वदेरान्यः	vaderAnyaH	आन्य	Anya	वदान्यस्त्यागिवाग्मिनोः ।	
3105	अमिनक्षियजिवधिपतिभ्योऽत्रन्	aminakziyajivaDipatiByotran	अत्रन्	atran	अमत्रं भाजनम् । नक्षत्रम् । यजत्रः । वधत्रमायुधम् । पतत्रं च तनूरुहम् ।	
3106	गडेरादेश्च कः	gaqerAdeSca kaH	अत्रन्	atran	कडत्रम् । डलयोरेकत्वस्मरणात् कलत्रम् ।	
3107	वृञश्चित्	vfYaScit	अत्रन्	atran	वरत्रा चर्ममयी रज्जुः ।	
3108	सुविदेः कत्रः	suvideH katraH	कत्र	katra	सुविदत्रं कुटुम्बकम् ।	
3109	कृतेर्नुम् च	kfternum ca	कत्र	katra	कृन्तत्रं लाङ्लम् ।	
3110	भृमृदृशियजिपर्विपच्यमितमिनमिहर्येभ्योऽतच्	BfmfdfSiyajiparvipacyamitaminamiharyeByotac	अतच्	atac	दशभ्योऽतच्स्यात् । भरतः । मनतो मृत्युः । दर्शत सोमसूर्ययोः । यजतः ऋत्विक् । पर्वतः । पचतोऽग्निः । अमतो रोगः । तमतस्तृष्णापरः । नमतः प्रह्णः । हर्यतोऽश्वः ।	
3111	पृषिरञ्जिभ्यां कित्	pfziraYjiByAM kit	अतच्	atac	पृषतो मृगो बिन्दुश्च । रजतम् ।	
3112	खलतिः	KalatiH	अतच्	atac	खलतेः सलोपः अतच्प्रत्ययान्तस्य इत्वं च । खलतिर्निष्केशशिराः ।	
3113	शीङ्शपिरुगमिवञ्चिजीविप्राणिभ्योऽथः	SINSapirugamivaYcijIviprARiByoTaH	अथ	aTa	सप्तभ्योऽथः स्यात् । शयथोऽजगरः । शपथः । रवथः कोकिलः । गमथः पथिकः पन्थाश्च । वञ्चथो धूर्तः । वन्दीति पाठे वन्द्यते वा वन्दथः स्तोता स्तुत्यश्च । जीवथ आयुष्मान् । प्राणथो बलवान् । बाहुलकाच्छमिदमिभ्याम् । शमथस्तु शमः शान्तिर्दान्तिस्तु दमथो दमः ।	
3114	भृञश्चित्	BfYaScit	अथ	aTa	भरथो लोकपालः ।	
3115	रुदिविदिभ्यां ङित्	rudividiByAM Nit	अथ	aTa	रोदितीति रुदथः शिशुः । वेत्तीति विदथः ।	
3116	उपसर्गे वसेः	upasarge vaseH	अथ	aTa	आवसथो गृहम् । संवसथो ग्रामः ।	
3117	अत्यविचमितमिरभिलभिनभितपिपतिपनिपणिमहिभ्योऽसच्	atyavicamitamiraBilaBinaBitapipatipanipaRimahiByosac	असच्	asac	त्रयोदशभ्योऽसच् स्यात् । अततीत्यतसो वायुरात्मा च । अवतीत्यवसो राजा भानुश्च । चमत्यस्मिन् चमसः सोमपानपात्रम् । ताम्यत्यस्मिन् तमसोऽन्धकारः । नमसः अनुकूलः । रभसो वेगहर्षयोः । लभसो धनं याचकश्च । नभति नभ्यति वा नभस आकाशः । तपसः पक्षी चन्द्रश्च । पतसः पक्षी । पनसः कन्टकिफलः । पणसः पण्यद्रव्यम् । महसं ज्ञानम् ।	
3118	वेञस्तुट् च	veYastuw ca	असच्	asac	बाहुलकादात्वाभावः । वेतसः ।	
3119	वहियुभ्यां णित्	vahiyuByAM Rit	असच्	asac	वाहसोऽजगरः । यावसस्तृणसङ्घातः ।	
3120	वयश्च	vayaSca	असच्	asac	वय गतौ । वायसः काकः ।	
3121	दिवः कित्	divaH kit	असच्	asac	दिवसम् । दिवसः ।	
3122	कॄशॄशलिकलिगर्दिभ्योऽभच्	kFSFSalikaligardiByoBac	अभच्	aBac	करभः । शरभः । शलभः । कलभः । गर्दभः ।	
3123	ऋषिवृषिभ्यां कित्	fzivfziByAM kit	अभच्	aBac	ऋषभः । वृषभः ।	
3124	रुषेर्निलुष् च	ruzerniluz ca	अभच्	aBac	रुष हिंसायाम् । अस्मादभच् नित्कित्स्यात लुषादेशश्च । लुषभो मत्तदन्तिनि ।	
3125	रासिवल्लिभ्यां च	rAsivalliByAM ca	अभच्	aBac	रासभः । वल्लभः ।	
3126	जॄविशिभ्यां झच्	jFviSiByAM Jac	झच्	Jac	जरन्तो महिषः । वेशन्तः पल्वलम् ।	
3127	रुहिनन्दिजीविप्राणिभ्यः षिदाशिषि	ruhinandijIviprARiByaH zidASizi	झच्	Jac	रोहन्तो वृक्षभेदः । नन्दन्तः पुत्रः । जीवन्त औषधम् । प्राणन्तो वायुः । षित्वान्ङीष् । रोहन्ती ।	
3128	तॄभूवहिवसिभासिसाधिगडिमण्डिजिनन्दिभ्यश्च	tFBUvahivasiBAsisADigaqimaRqijinandiByaSca	झच्	Jac	दशभ्यो झच् स्यात्स च षित् । तरन्तः समुद्रः । तरन्ती नौक । भवन्तः कालः । वहन्तो वायुः । वसन्तः ऋतुः । भासन्तः सूर्यः । साधन्तो भिक्षुः । गडेर्घटादित्वान्मित्त्वं ह्रस्वः । [[6.4.55]] <<अयामन्ता...>> इति णेरयः । गण्डयन्तो जलदः । मण्डयन्तो भूषणम् । जयन्तः शक्रपुत्रः । नन्दयन्तो नन्दकः ।	
3129	हन्तेर्मुट् हि च	hantermuw hi ca	झच्	Jac	हेमन्तः ।	
3130	भन्देर्नलोपश्च	BandernalopaSca	झच्	Jac	भदन्तः प्रव्रजितः ।	
3131	ऋच्छेररः	fcCeraraH	अर	ara	ऋच्छरा वेश्या । बाहुलकाज्जर्जरझर्झरादयः ।	
3132	अर्तिकमिभ्रमिचमिदेविवासिभ्यश्चित्	artikamiBramicamidevivAsiByaScit	अर	ara	षड्भ्योऽरश्चित् स्यात् । अररं कपाटम् । कमरः कामुकः । भ्रमरः । चमरः । देवरः । वासरः ।	
3133	कुवः क्ररन्	kuvaH kraran	क्ररन्	kraran	कुररः पक्षिभेदः ।	
3134	अङ्गिमदिमन्दिभ्य आरन्	aNgimadimandiBya Aran	आरन्	Aran	अङ्गारः । मदारो वराहः । मन्दारः ।	
3135	गडेः कड च	gaqeH kaqa ca	आरन्	Aran	कडारः ।	
3136	शृङ्गारभृङ्गारौ	SfNgAraBfNgArO	आरन्	Aran	शॄभृञ्भ्यामारन्नुम् गुक् ह्रस्वश्च । शृङ्गारो रसः । भृङ्गारः कनकालुका ।	
3137	कञ्जिमृजिभ्यां चित्	kaYjimfjiByAM cit	आरन्	Aran	कञ्जिः सौत्रो धातुः । कञ्जारो मयूरः । मार्जारः ।	
3138	कमेः किदुच्चोपधायाः	kameH kiduccopaDAyAH	आरन्	Aran	चिदित्यनुवृत्तेरन्तोदात्तः । कुमारः ।	
3139	तुषारादयश्च	tuzArAdayaSca	आरन्	Aran	तुषारः । कासारः । सहार आम्रभेदः ।	
3140	दीङो नुट् च	dINo nuw ca	आरन्	Aran	दीनारः सुवर्णाभरणम् ।	
3141	सर्तेरपः षुक् च	sarterapaH zuk ca	अप	apa	सर्षपः ।	
3142	उषिकुटिदलिकचिखजिभ्यः कपन्	uzikuwidalikaciKajiByaH kapan	कपन्	kapan	उषपो वह्निसूर्ययोः । कुटपो मानभाण्डम् । दलपः प्रहरणम् । कचपं शाकपत्रम् । खजपं घृतम् ।	
3143	क्वणेः संप्रसारणं च	kvaReH saMprasAraRaM ca	कपन्	kapan	कुणपम् ।	
3144	कपश्चाक्रवर्मणस्य	kapaScAkravarmaRasya	कप	kapa	स्वरे भेदः ।	
3145	विटपपिष्टपविशिपोलपाः	viwapapizwapaviSipolapAH	कप	kapa	चत्वारोऽमी कपन् प्रत्ययान्ताः । विट शब्दे । विटपः । विशतेरादेः पः । प्रत्ययस्य तुट् । षत्वम् । पिष्टपं भुवनम् । विशतेः प्रत्ययादेरित्वम् । विशिपं मन्दिरम् । वलतेः संप्रसारणम् । उलपं कोमलं तृणम् ।	
3146	वृतेस्तिकन्	vftestikan	तिकन्	tikan	वर्तिका ।	
3147	कृतिभिदिलतिभ्यः कित्	kftiBidilatiByaH kit	तिकन्	tikan	कृत्तिका भित्तिका भित्तिः । लत्तिका गोधा ।	
3148	इष्यशिभ्यां तकन्	izyaSiByAM takan	तकन्	takan	इष्टका । अष्टका ।	
3149	इणस्तशन्तशसुनौ	iRastaSantaSasunO	तशन्, तशसुन्	taSan, taSasun	एतशो ब्राह्मणः । स एव एतशाः ।	
3150	वीपतिभ्यां तनन्	vIpatiByAM tanan	तनन्	tanan	वी गत्यादौ । वेतनम् । पत्तनम् ।	
3151	दॄदलिभ्यां भः	dFdaliByAM BaH	भ	Ba	दर्भः । ’दल्भः स्यादृषिचक्रयोः’ ।	
3152	अर्तिगॄभ्यां भन्	artigFByAM Ban	भन्	Ban	अर्भः । गर्भः ।	
3153	इणः कित्	iRaH kit	भन्	Ban	इभः ।	
3154	असिसञ्जिभ्यां क्थिन्	asisaYjiByAM kTin	क्थिन्	kTin	अस्थि । सक्थि ।	
3155	प्लुषिकुषिशुषिभ्यः क्सिः	pluzikuziSuziByaH ksiH	क्सि	ksi	प्लुक्षिर्वह्निः । कुक्षिः । शुक्षिर्वातः ।	
3156	अशेर्नित्	aSernit	क्सि	ksi	अक्षि ।	
3157	इषेः क्सुः	izeH ksuH	क्सु	ksu	इक्षुः ।	
3158	अवितॄस्तॄतन्त्रिभ्यः ईः	avitFstFtantriByaH IH	ई	I	अवीर्नारी रजस्वला । तरीर्नौः । स्तरीर्धूमः । तन्त्रीर्वीणादेर्गुणः ।	
3159	यापोः किद्द्वे च	yApoH kiddve ca	ई	I	ययीरश्वः । पपीः स्यात्सोमसूर्ययोः ।	
3160	लक्षेर्मुट् च	lakzermuw ca	ई	I	लक्ष्मीः	
4001	वातप्रमीः	vAtapramIH	ई	I	वातशब्दे उपपदे माधातोरीप्रत्ययः स च कित् । वातप्रमीः	
4002	ऋतन्यञ्जिवन्यञ्ज्यर्पिमद्यत्यङ्गिकुयुकृशिभ्यः कत्निच्यतुजलिजिष्ठुजिष्ठजिसन्स्यनिथिनुल्यसासानुकः	ftanyaYjivanyaYjyarpimadyatyaNgikuyukfSiByaH katnicyatujalijizWujizWajisansyaniTinulyasAsAnukaH	कत्निच्, यतुच्, अलिच्, इष्ठुच्, इष्ठच्, इसन्, स्यन्, इथिन्, उलि, अस् , आस्, आनुक्	katnic, yatuc, alic, izWuc, izWac, isan, syan, iTin, uli, as , As, Anuk	द्वादशभ्यः क्रमात्स्युः । अर्तेः कत्निच् यण् । बद्धमुष्टिः करो रत्निः सोऽरत्निः प्रसृताङ्गुलिः । तनोतेर्यतुच् । तन्यतुर्वायू रात्रिश्च । अञ्जेरलिच् । अञ्जलिः । वनेरिष्ठुच् । वनिष्ठुः स्थविरान्त्रम् । अञ्जेरिष्ठच् । अञ्जिष्ठो भानुः । अर्पयतेरिसन् । अर्पिसोऽग्रमांसम् । मदेः स्यन् । मत्स्यः । अतेरिथिन् । अतिथिः । अङ्गेरुलिः । अङ्गुलिः । कौतेरसः । कवसः । अच इत्येके । कवचम् । यौतेरासः । यवासो दुरालभा । कृशेरानुक् । कृशानुः ।	
4003	श्रः करन्	SraH karan	करन्	karan	उत्तरसूत्रे किद्ग्रहणादिह ककारस्य नेत्वम् । शर्करा ।	
4004	पुषः कित्	puzaH kit	करन्	karan	पुष्करम् ।	
4005	कलश्च	kalaSca	कल	kala	पुष्कलम् ।	
4006	गमेरिनिः	gameriniH	इनि	ini	गमिष्यतीति गमी ।	
4007	आङि णित्	ANi Rit	इनि	ini	आगामी ।	
4008	भुवश्च	BuvaSca	इनि	ini	भावी ।	
4009	प्रे स्थः	pre sTaH	इनि	ini	प्रस्थायी ।	
4010	परमे कित्	parame kit	इनि	ini	परमेष्ठी ।	
4011	मन्थः	manTaH	इनि	ini	मन्थतेरिनिः कित्स्यात् । कित्त्वान्नकारलोपः । मन्थाः मन्थानौ मन्थानः ।	
4012	पतस्थ च	patasTa ca	इनि	ini	पन्थाः । पन्थानौ ।	
4013	खजेराकः	KajerAkaH	आक	Aka	खजाकः पक्षी ।	
4014	बलाकादयश्च	balAkAdayaSca	आक	Aka	बलाका । शलाका । पताका ।	
4015	पिनाकादयश्च	pinAkAdayaSca	आक	Aka	पातेरित्वम् नुम् च । क्लीबपुंसोः पिनाकः स्याच्छूलशङ्करधन्वनोः । तड आघाते । तडाकः ।	
4016	कषिदूषिभ्यामीकन्	kazidUziByAmIkan	ईकन्	Ikan	कषिका पक्षिजातिः । दूषिका नेत्रयोर्मलम् ।	
4017	अनिहृषिभ्याम् किच्च	anihfziByAm kicca	ईकन्	Ikan	अनीकम् । हृषीकम् ।	
4018	चङ्कणः कङ्कणश्च	caNkaRaH kaNkaRaSca	ईकन्	Ikan	कण शब्दे । अस्माद्यङ्लुगन्तादीकन् धातोः कङ्कणादेशश्च । घन्टिकायां कङ्कणीका सैव प्रतिसरापि च ।	
4019	शॄपॄवृञां द्वेरुक् चाभ्यासश्च	SFpFvfYAM dveruk cAByAsaSca	ईकन्	Ikan	शर्करीको हिंस्रः । पर्परीको दिवाकरः । वर्वरीकः कुटिलकेशः ।	
4020	पर्फरीकादयश्च	parParIkAdayaSca	ईकन्	Ikan	स्फुर स्फुरणे अस्मादीकन् धातोः पर्फरादेशः । पर्फरीकं किसलयम् । दर्दरीकं वादित्रम् । झर्झरीकं शरीरम् । तित्तिडीको वृषभेदः । << चरेर्नुम् च >> (गणसूत्रम् 199) । चञ्चरीको भ्रमरः । मर्मरीको हीनजनः । कर्करीका गलन्तिका । पुणतेः । पुन्डरीकं वादित्रम् । पुन्डरीको व्याघ्रोऽग्निर्दिग्गजश्च ।	
4021	ईषः किद्ध्रस्वश्च	IzaH kidDrasvaSca	ईकन्	Ikan	इषीका शलाका ।	
4022	ऋजेश्च	fjeSca	ईकन्	Ikan	ऋजिकः उपहतः ।	
4023	सर्तेर्नुम् च	sarternum ca	ईकन्	Ikan	सृणिका लाला ।	
4024	मृडः कीकच्कङ्कणौ	mfqaH kIkackaNkaRO	कीकच्, कङ्कण	kIkac, kaNkaRa	मृडीको मृगः । मृडङ्कणः शिशुः ।	
4025	अलीकादयश्च	alIkAdayaSca	कीकच्	kIkac	कीकजन्ता निपात्यन्ते । अल भूषणादौ । अलीकं मिथ्या । विपूर्वाद्व्यलीकं विप्रियं खेदश्च । वलीकं पटलप्रान्ते इत्यादि ।	
4026	कॄतॄभ्यामीषन्	kFtFByAmIzan	ईषन्	Izan	करीषोऽस्त्री शुष्कगोमये । करीषः तरीता ।	
4027	शॄपॄभ्यां किच्च	SFpFByAM kicca	ईषन्	Izan	शिरीषः । पुरीषम् ।	
4028	अर्जेर्ऋज च	arjerfja ca	ईषन्	Izan	ऋजीषं पिष्टपचनम् ।	
4029	अम्बरीषः	ambarIzaH	ईषन्	Izan	अयं निपात्यते । अबि शब्दे । अम्बरीषः पुमान् भाष्ट्रम् ।	
4030	कॄशॄपॄकटिपटिशौटिभ्य ईरन्	kFSFpFkawipawiSOwiBya Iran	ईरन्	Iran	करीरो वंशाङ्कुरः । शरीरम् । परीरम् । फलम् । कटीरः कन्दरो जघनप्रदेशश्च । पटीरश्चन्दनः कन्टकः कामश्च । शौटीरस्त्यागिवीरयोः ब्राह्म्णादित्वात् ष्यञ् । शौटीर्यम् ।	
4031	वशेः कित्	vaSeH kit	ईरन्	Iran	वशीरम् ।	
4032	कशेर्मुट् च	kaSermuw ca	ईरन्	Iran	काश्मीरो देशः ।	
4033	कृञ उच्च	kfYa ucca	ईरन्	Iran	कुरीरं मैथुनम् ।	
4034	घसेः किश्च	GaseH kiSca	ईरन्	Iran	क्षीरम् ।	
4035	गभीरगम्भीरौ	gaBIragamBIrO	ईरन्	Iran	गभेर्भः पक्षे नुम् च ।	
4036	विषा विहा	vizA vihA	आ	A	स्यतेर्जहातेश्च विपूर्वाभ्यामाप्रत्ययः । विषा बुद्धिः । विहा स्वर्गः । अव्यये इमे ।	
4037	पच एलिमच्	paca elimac	एलिमच्	elimac	पचेलिमो वह्निरव्योः ।	
4038	शीङो धुक्लक्वलञ्वालनः	SINo DuklakvalaYvAlanaH	धुक्, लक्, वलञ्, वालन्	Duk, lak, valaY, vAlan	चत्वारः प्रत्ययाः स्युः । शीधु मद्यम् । शीलं स्वभावः । शैवलः शेवालम् । बाहुलकाद्वस्य पोऽपि । शेवालं शैवलो न स्त्री शेपालो जलनीलिका ।	
4039	मॄकणिभ्यामूकोकणौ	mFkaRiByAmUkokaRO	ऊक, ऊकण्	Uka, UkaR	मरूंको मृगः । काणूकः काकः ।	
4040	वलेरूकः	valerUkaH	ऊक	Uka	वलूकः पक्षी उत्पलमूलं च ।	
4041	उलूकादयश्च	ulUkAdayaSca	ऊक	Uka	वलेः संप्रसारणमूकश्च । उलूकाविन्द्रपेचकौ । वावदूको वक्ता । भल्लूकः । << शमेर्बुक् च>> (गणसूत्र 200) ।  शम्बूको जलशुक्तिः ।	
4042	शलिमन्डिभ्यामूकण्	SalimanqiByAmUkaR	ऊकण्	UkaR	शालूकं कन्दविशेषः । मण्डूकः ।	
4043	नियो मिः	niyo miH	मि	mi	नेमिः ।	
4044	अर्तेरूच्च	arterUcca	मि	mi	ऊर्मिः ।	
4045	भुवः कित्	BuvaH kit	मि	mi	भूमिः ।	
4046	अश्नोते रश् च	aSnote raS ca	मि	mi	रश्मिः किरणो रज्जुश्च ।	
4047	दल्मिः	dalmiH	मि	mi	दल विशरणे । दल्मिरिन्द्रायुधम् ।	
4048	वीज्याज्यरिभ्यो निः	vIjyAjyariByo niH	नि	ni	बाहुलकाण्णत्वम् । वेणिः स्यात्केशविन्यासः प्रवेणी च स्त्रियामुभे । ज्यानिः । जूर्णिः ।	
4049	सृवृषिभ्यां कित्	sfvfziByAM kit	नि	ni	सृणिरङ्कुशः । वृष्णिः क्षत्रियमेषयोः ।	
4050	अङ्गेर्नलोपश्च	aNgernalopaSca	नि	ni	अग्निः ।	
4051	वहिश्रिश्रुयुद्रुग्लाहात्वरिभ्यो नित्	vahiSriSruyudruglAhAtvariByo nit	नि	ni	वह्निः । श्रेणिः । श्रोणिः । योनिः । द्रोणिः । ग्लानिः । हानिः । तूर्णिः । बाहुलकान्म्लानिः ।	
4052	घृणिपृश्निपार्ष्णिचूर्णिभूर्णि	GfRipfSnipArzRicUrRiBUrRi	नि	ni	एते पञ्च निपात्यन्ते । घृणिः किरणः । स्पृशतेः सलोपः पृश्निरल्पशरीरः । पृषेर्वृद्धिश्च । पार्ष्णिः पादतलम् । चरेरुपधाया उत्वम् । चूर्णिः कपर्दकशतम् । बिभर्तेरुत्वम् । भूर्णिर्धरणी ।	
4053	वृदृभ्यां विन्	vfdfByAM vin	विन्	vin	वर्विर्घस्मरः । दर्विः ।	
4054	जॄशॄस्तॄजागृभ्यः क्विन्	jFSFstFjAgfByaH kvin	क्विन्	kvin	जीर्विः पर्शुः । शीर्विर्हिंस्रः । स्तीर्विरध्वर्युः । जागृविर्नृपः ।	
4055	दिवो द्वे दीर्घश्चाभ्यासस्य	divo dve dIrGaScAByAsasya	क्विन्	kvin	दीदिविः स्वर्गमोक्षयोः ।	
4056	कृविघृष्विछविस्थविकिकीदिवि	kfviGfzviCavisTavikikIdivi	क्विन्	kvin	कृविस्तन्तुवायद्रव्यम् । घृष्विर्वराहः । छास्थोर्ह्रस्वत्वं च । छविर्दीप्तिः । स्थविस्तन्तुवायः । दीव्यतेः किकीपूर्वात् किकीदिविश्चाषः । बाहुलकाद्ध्रस्वदीर्घयोर्विनिमयः । चाषेण किकीदीविना ।	
4057	पातेर्डतिः	pAterqatiH	डति	qati	पतिः ।	
4058	शकेर्ऋतिन्	Sakerftin	ऋतिन्	ftin	शकृत् ।	
4059	अमेरतिः	ameratiH	अति	ati	अमतिः कालः ।	
4060	वहिवस्यर्तिभ्यश्चित्	vahivasyartiByaScit	अति	ati	वहतिः पवनः । वसतिर्गृहयामिन्योः । अरतिः क्रोधः ।	
4061	अञ्चेः को वा	aYceH ko vA	अति	ati	अङ्कतिः । अञ्चतिर्वातः ।	
4062	हन्तेरंह च	hanteraMha ca	अति	ati	हन्तेरतिः स्यादंहादेशश्च धातोः । हन्ति दुरितमनया अंहतिर्दानम् प्रादेशनं निर्वपणमपवर्जनमंहतिः ।	
4063	रमेर्नित्	ramernit	अति	ati	रमतिः कालकामयोः ।	
4064	सूङः क्रिः	sUNaH kriH	क्रि	kri	सूरिः ।	
4065	अदिशदिभूशुभिभ्यः क्रिन्	adiSadiBUSuBiByaH krin	क्रिन्	krin	अद्रिः । शद्रिः । शर्करा । भूरि प्रचुरम् । शुभ्रिर्ब्रह्मा ।	
4066	वङ्क्र्यादयश्च	vaNkryAdayaSca	क्रिन्	krin	क्रिन्नन्ता निपात्यन्ते । वङ्क्रिर्वाद्यभेदो गृहदारु पार्श्वास्थि च । वप्रिः क्षेत्रम् । अंह्रिरङ्घ्रिश्च चरणः । तदिः सौत्रो धातुः । तन्द्रिर्मोहः बाहुलकाद्गुणः । भेरिः ।	
4067	राशदिभ्यां त्रिप्	rASadiByAM trip	त्रिप्	trip	रात्रिः शन्त्रिः । कुञ्जरः ।	
4068	अदेस्त्रिनिश्च	adestriniSca	त्रिन्	trin	चात्त्रिप् । अन्त्री । अन्त्रिणौ । अन्त्रिणः । अन्त्रिः । अन्त्री । अन्त्रयः ।	
4069	पतेरत्रिन्	pateratrin	अत्रिन्	atrin	पतत्रिः पक्षी ।	
4070	मृकणिभ्यामीचिः	mfkaRiByAmIciH	ईचि	Ici	मरीचिः कणीचिः पल्लवो निनादश्च ।	
4071	श्वयतेश्चित्	SvayateScit	ईचि	Ici	श्वयीचिर्व्याधिः ।	
4072	वेञो डिच्च	veYo qicca	ईचि	Ici	वीचिस्तरङ्गः । नञ्समासे अवीचिर्नरकभेदः ।	
4073	ऋहनिभ्यामूषन्	fhaniByAmUzan	ऊषन्	Uzan	अरूषः सूर्यः । हनूषो राक्षसः ।	
4074	पुरः कुषन्	puraH kuzan	कुषन्	kuzan	पुर अग्रगमने । पुरुषः । [[6.3.137]] <<अन्येषामपि –>> इति दीर्घः । पूरुषः ।	
4075	पॄनहिकलिभ्य उषच्	pFnahikaliBya uzac	उषच्	uzac	परुषम् । नहुषः । कलुषम् ।	
4076	पीयेरूषन्	pIyerUzan	ऊषन्	Uzan	पीय इति सौत्रो धातुः । पीयूषम् । बाहुलकाद्गुणे पेयूषोऽभिनवं पयः ।	
4077	मस्जेर्नुम् च	masjernum ca	ऊषन्	Uzan	मञ्जूषा ।	
4078	गडेश्च	gaqeSca	ऊषन्	Uzan	गण्डूषः । गण्डूषा ।	
4079	अर्तेररुः	arteraruH	अरु	aru	अररुः शत्रुः । अररू । अररवः ।	
4080	कुटः किच्च	kuwaH kicca	अरु	aru	कुटरुर्वस्त्रगृहम् । कित्वप्रयोजनं चिन्त्यम् ।	
4081	शकादिभ्योऽटन्	SakAdiByowan	अटन्	awan	शकटोऽस्त्रियाम् । शकिर्गत्यर्थः । कङ्कटः सन्नाहः । देवटः शिल्पी । करट इत्यादि ।	
4082	कृकदिकडिकटिभ्योऽम्बच्	kfkadikaqikawiByombac	अबच्	abac	करम्बं व्यामिश्रम् । कदिकडी सौत्रौ । कदम्बो वृक्षभेदः । कडम्बोऽग्रभागः । कटम्बो वादित्रम् ।	
4083	कदेर्णित्पक्षिणि	kaderRitpakziRi	अबच्	abac	कादम्बः कलहंसः ।	
4084	कलिकर्द्योरमः	kalikardyoramaH	अम	ama	कलमः । कर्दमः ।	
4085	कुणिपुल्योः किन्दच्	kuRipulyoH kindac	किन्दच्	kindac	कुण शब्दोपकरणयोः । कुणिन्दः शब्दः । पुलिन्दो जातिविशेषः ।	
4086	कुपेर्वा वश्च	kupervA vaSca	किन्दच्	kindac	कुपिन्दकुविन्दौ तन्तुवाये ।	
4087	नौ षञ्जेर्घथिन्	nO zaYjerGaTin	घथिन्	GaTin	निषङ्गथिरालिङ्गकः ।	
4088	उद्यर्तेश्चित्	udyarteScit	घथिन्	GaTin	उदरथिः समुद्रः ।	
4089	सर्तेर्णिच्च	sarterRicca	घथिन्	GaTin	सारथिः ।	
4090	खर्जिपिञ्जादिभ्य ऊरोलचौ	KarjipiYjAdiBya UrolacO	ऊर्, उलच्	Ur, ulac	खर्जूरः । कर्पूरः । वल्लूरं शुष्कमांसम् । पिञ्जूलं कुशवर्तिः । << लङ्गेर्वृद्धिश्च >> (गणसूत्रम् 201) ।   लाङ्गूलम् । कुसूलः । << तमेर्बुग्वृद्धिश्च >> (गणसूत्रम् 202) । ताम्बूलम् । << शृणातेर्दुग्वृद्धिश्च >> (गणसूत्रम् 203) । शार्दूलः । << दुक्वोः कुक्च >> (गणसूत्रम् 204) । दुकूलम् । कुकूलम् ।	
4091	कुवश्चट् दीर्घश्च	kuvaScaw dIrGaSca	चट्	caw	कूची चित्रलेखनिका ।	
4092	समीणः	samIRaH	चट्	caw	समीचः समुद्रः । समीची हरिणी ।	
4093	सिवेष्टेरू च	sivezwerU ca	चट्	caw	सूचो दर्भाङ्कुरः । सूची ।	
4094	शमेर्बन्	Samerban	बन्	ban	शम्बो मुसलम् ।	
4095	उल्बादयश्च	ulbAdayaSca	बन्	ban	बन्नन्ता निपात्यन्ते । उच समवाये । चस्य लत्वं गुणाभावश्च । उल्बो गर्भाशयः । शुल्बं ताम्रम् । बिम्बम् ।	
4096	स्थः स्तोऽम्बजबकौ	sTaH stombajabakO	अम्बज्, अबक	ambaj, abaka	तिष्ठतेरम्बच् अबक एतौ स्तस्तादेशश्च । स्तम्बो गुच्छस्तृणादिनः । स्तबकः पुष्पगुच्छः ।	
4097	शाशपिभ्यां ददनौ	SASapiByAM dadanO	द, दन्	da, dan	शादो जम्बालशष्पयोः ।	
4098	अब्दादयश्च	abdAdayaSca	द, दन्	da, dan	शब्दः । अवतीत्यशब्दः । << कौतेर्नुम् च >> (गणसूत्रम् 205) । कुन्दः ।	
4099	वलिमलितनिभ्यः कयन्	valimalitaniByaH kayan	कयन्	kayan	वलयम् । मलयः । तनयः ।	
4100	वृह्रोः षुग्दुकौ च	vfhroH zugdukO ca	कयन्	kayan	वृषयः आश्रयः । हृदयम् ।	
4101	मिपीभ्यां रुः	mipIByAM ruH	रु	ru	मेरुः । पेरुः सूर्यः । बाहुलकात् पिबतेरपि । संवत्सरवपुः पारुः पेरुर्वासीर्दिनप्रणीः ।	
4102	जत्र्वादयश्च	jatrvAdayaSca	रु	ru	जत्रु जत्रुणी । अश्रु । अश्रुणी ।	
4103	रुशातिभ्यां क्रुन्	ruSAtiByAM krun	क्रुन्	krun	रुरुर्मृगभेदः । शातयतीति शत्रुः । प्रज्ञादौ पाठाद्ध्रस्वत्वम् ।	
4104	जनिदाच्युसृवृमदिषमिनमिभृञ्भ्य इत्वन्त्वन्त्नण्क्निन्शक्स्यढडटाटचः	janidAcyusfvfmadizaminamiBfYBya itvantvantnaRkninSaksyaQaqawAwacaH	इत्वन्, त्वन्, त्नण्, क्निन्, शक्, स्य, ढ, डट्, आटच्	itvan, tvan, tnaR, knin, Sak, sya, Qa, qaw, Awac	जनित्वौ मातापितरौ । दात्वो दाता । च्यौत्नो गन्ता अण्डजः क्षीणपुण्यश्च । सृणिरङ्कुरशश्चन्द्रः सूर्यो वायुश्च । वृशः आर्द्रकं मूलकं च । मत्स्यः । षण्ढः । डित्वाट्टिलोपः । नमतीति नटः शैलूषः । बिभर्ति भरटः कुलालो भृतकश्च ।	
4105	अन्येभ्योऽपि दृश्यन्ते	anyeByopi dfSyante	इत्वन्, त्वन्, त्नण्, क्निन्, शक्, स्य, ढ, डट्, आटच्	itvan, tvan, tnaR, knin, Sak, sya, Qa, qaw, Awac	पेत्वममृतम् भृशम् ।	
4106	कुसेरुम्भोमेदेताः	kuserumBomedetAH	उम्भ, उम, ईद, इत	umBa, uma, Ida, ita	कुसुम्भम् । कुसुमम् । कुसीदम् । कुसितो जनपदः ।	
4107	सानसिवर्णसिपणसितण्डुलाङ्कुशचषालेल्वलपल्वलधिष्ण्यशल्याः	sAnasivarRasipaRasitaRqulANkuSacazAlelvalapalvalaDizRyaSalyAH	असि	asi	सनोतेरसिप्रत्यय उपधावृद्धिः । सानसिर्हिरण्यम् । वृञो नुक् च । वर्णसिर्जलम् । पॄ पर्णसिर्जलग्रहणम् । तड आघाते तण्डुलाः । अकि लक्षणे उशच् । अङ्कुशः । चषेरालच् । चषालो यूपकटकः । इल्वलो दैत्यभेदः । पल्वलम् । ञिधृषा । ऋकारश्च इकारः । धिष्ण्यम् । शलेर्यः शल्यम् । वा पुंसि शल्यं शङ्कुर्ना ।	
4108	मूशक्यबिभ्यः क्लः	mUSakyabiByaH klaH	क्ल	kla	मूलम् । शक्लः प्रियंवदे । अम्ब्लो रसः । बाहुलकादमेः । अम्लः ।	
4109	माछाससिभ्यो यः	mACAsasiByo yaH	य	ya	माया । छाया । सस्यम् । बाहुलकात्सुनोतेः । सव्यं दक्षिणवामयोः ।	
4110	जनेर्यक्	janeryak	यक्	yak	[[6.4.43]] <<ये विभाषा>> । जन्यं युद्धम् । जाया भार्या ।	
4111	अघ्न्यादयश्च	aGnyAdayaSca	यक्	yak	यगन्ता निपात्यन्ते । हन्तेर्युक् अडागम उपधालोपश्च । अघ्न्या माहेयी । अघ्न्यः प्रजापतिः । कनी दीप्तौ । कन्या । बवयोरैक्यम् । वन्ध्याः ।	
4112	स्नामदिपद्यर्तिपॄशकिभ्यो वनिप्	snAmadipadyartipFSakiByo vanip	वनिप्	vanip	स्नावा रसिकः । मद्वा शिवः । पद्वा पन्थाः । अर्वा तुरङ्गगर्ह्ययोः । पर्वा ग्रन्थिः प्रस्तावश्च । शक्का हस्ती । ङीब्रौ । शक्करी अङ्गुलिः ।	
4113	शीङ्क्रुशिरुहिजिक्षिसृधृभ्यः क्वनिप्	SINkruSiruhijikzisfDfByaH kvanip	क्वनिप्	kvanip	शीवा अजगरः । क्रुश्वा सृगालः । रुह्वा वृक्षः । जित्वा जेता । क्षित्वा वायुः । सृत्वा प्रजापतिः । धृत्वा विष्णुः ।	
4114	ध्याप्योः संप्रसारणं च	DyApyoH saMprasAraRaM ca	क्वनिप्	kvanip	धीवा कर्मकरः । पीवा स्थूलः ।	
4115	अदेर्ध च	aderDa ca	क्वनिप्	kvanip	अध्वा ।	
4116	प्र ईरशदोस्तुट् च	pra IraSadostuw ca	क्वनिप्	kvanip	प्रेर्त्वा प्रशत्वा च सागरः । प्रेत्वरी प्रशत्वरी च नदी ।	
4117	सर्वधातुभ्य इन्	sarvaDAtuBya in	इन्	in	पचिरग्निः । तुडिः । तुण्डिः । वलिः । वटिः । यजिः । देवयजिः । काशत इति काशिः । यतिः । मल्लिः । केलिः । मसी परिणामे । मसिः । बाहुलकाद्गुणः । कोटिः । हेलिः । बोधिः । नन्दिः । कलिः ।	
4118	हृपिषिरुहिवृतिविदिछिदिकीर्तिभ्यश्च	hfpiziruhivftividiCidikIrtiByaSca	इन्	in	हरिर्विष्णावहाविन्द्रे भेके सिंहे हये रवौ । चन्द्रे कीले प्लवङ्गे च यमे वाते च कीर्तितः । पेषिर्वज्रम् । रोहिर्व्रती । वर्तिः । वेदिः । छदिश्छेत्ता । कीर्तिः ।	
4119	इगुपधात्कित्	igupaDAtkit	इन्	in	कृषिः । ऋषिः । शुचिः । लिपिः । बाहुलकाद्बत्वे लिबिः । तूल निष्कर्षे । तूलिः । तूली कूर्चिका ।	
4120	भ्रमेः संप्रसारणं च	BrameH saMprasAraRaM ca	इन्	in	भृमिर्वातः । बाहुलकाद्भ्रमिः ।	
4121	क्रमितमिशतिस्तम्भामत इच्च	kramitamiSatistamBAmata icca	इन्	in	क्रिमिः । संप्रसारणानुवृत्तेः कृमिरपि । तिमिर्मत्स्यभेदः । शितिर्मेचकशुक्लयोः । स्तिम्भिः समुद्रः ।	
4122	मनेरुच्च	manerucca	इन्	in	मुनिः ।	
4123	वर्णेर्बलिश्चाहिरण्ये	varRerbaliScAhiraRye	इन्	in	वर्णिः सौत्रः । अस्य बलिरादेशः । करोपहारयोः पुंसि बलिः प्राण्यङ्गजे स्त्रियाम् । हिरण्ये तु वर्णिः सुवर्णम् ।	
4124	वसिवपियजिराजिव्रजिसदिहनिनाशिवाशिवारिभ्य इञ्	vasivapiyajirAjivrajisadihaninASivASivAriBya iY	इञ्	iY	वासिश्छेदनवस्तुनि । वापिः । वापी । याजिर्यष्टा । राजिः । राजी । व्राजिर्वातालिः । सादिः सारथिः । निघातिर्लोहघातिनी । वाशिरग्निः । वादिर्विद्वान् । वारिर्गजबन्धनी । जले तु क्लीबम् । बाहुलकाद्वारिः पथिकसंहतौ ।	
4125	नहो भश्च	naho BaSca	इञ्	iY	नाभिः स्यात्क्षत्रिये पुंसि । प्राण्यङ्गे तु स्त्रियाम् । पुंस्यपीति केचित् ।	
4126	कृषेर्वृद्धिश्छन्दसि	kfzervfdDiSCandasi	इञ्	iY	कार्षिः ।	
4127	श्रः शकुनौ	SraH SakunO	इञ्	iY	शारिः । शारिका ।	
4128	कृञ उदीचां कारुषु	kfYa udIcAM kAruzu	इञ्	iY	कारिः शिल्पी ।	
4129	जनिघसिभ्यामिण्	janiGasiByAmiR	इण्	iR	जनिर्जननम् । घासिर्भक्ष्यमग्निश्च ।	
4130	अज्यतिभ्यां च	ajyatiByAM ca	इण्	iR	आजिः संग्रामः । आतिः पक्षी ।	
4131	पादे च	pAde ca	इण्	iR	पदाजिः । पदातिः ।	
4132	अशिपणाय्यो रुडायलुकौ च	aSipaRAyyo ruqAyalukO ca	इण्	iR	अशे रुट् । राशिः पुञ्जः । पणायतेरायलुक् । पाणिः करः ।	
4133	वातेर्डिच्च	vAterqicca	इण्	iR	विः पक्षी । स्त्रियां वीत्यपि ।	
4134	प्रे हरतेः कूपे	pre harateH kUpe	इण्	iR	प्रहिः कूपः ।	
4135	नौ व्यो यलोपः पूर्वस्य च दीर्घः	nO vyo yalopaH pUrvasya ca dIrGaH	इण्	iR	व्येञ इण् स्याद् यलोपश्च नेर्दीर्घः । नीविः । नीवी वस्त्रग्रन्थौ मूलधने च ।	
4136	समाने ख्यः स चोदात्तः	samAne KyaH sa codAttaH	इण्	iR	समानशब्दे उपपदे ख्या इत्यस्मादिण् स्यात्स च डिच्च यलोपश्च समानस्य तूदात्तः स इत्यादेशश्च । समानं ख्यायते जनैरिति सखा ।	
4137	आङि श्रिहनिभ्यां ह्रस्वश्च	ANi SrihaniByAM hrasvaSca	इण्	iR	इण् स्यात्स च डित् आङो ह्रस्वश्च । स्त्रियः पाल्यश्रिकोटयः । सर्पे वृत्रासुरेऽप्यहिः ।	
4138	अच इः	aca iH	इ	i	रविः । पविः । तरिः । कविः । अरिः । अलिः ।	
4139	खनिकष्यज्यसिवसिवनिसनिध्वनिग्रन्थिचरिभ्यश्च	KanikazyajyasivasivanisaniDvanigranTicariByaSca	इ	i	खनिः । कषिर्हिंस्रः । अजिः । असिः । वसिर्वस्त्रम् । वनिरग्निः । सनिर्भक्तिर्दानं च । ध्वनिः । ग्रन्थिः । चरिः पशुः ।	
4140	वृतेश्छन्दसि	vfteSCandasi	इ	i	वर्तिः ।	
4141	भुजेः किच्च	BujeH kicca	इ	i	भुजिः ।	
4142	कॄगॄशॄपॄकुटिभिदिछिदिभ्यश्च	kFgFSFpFkuwiBidiCidiByaSca	इ	i	इः कित्स्यात् । किरिर्वराहः । गिरिर्गोत्राक्षिरोगयोः । गिरिणा काणः गिरिकाणः । शिरिः शलभो हन्ता च । पुरिर्नगरं राजा नदी च । कुटिः शाला शरीरं च । भिदिर्वज्रम् । छिदिः परशुः ।	
4143	कुडिकम्प्योर्नलोपश्च	kuqikampyornalopaSca	इ	i	कुडि दाहे । कुडिर्देहः । कपिः ।	
4144	सर्वधातुभ्यो मनिन्	sarvaDAtuByo manin	मनिन्	manin	क्रियत इति कर्म । चर्म । भस्म । जन्म । शर्म । स्थाम बलम् । [[6.4.97]] <<इस्मन्...>> इति ह्रस्वः । छद्म । सुत्रामा ।	
4145	बृंहेर्नोच्च	bfMhernocca	मनिन्	manin	नकारस्याकारः । ब्रह्म तत्वं तपो वेदो ब्रह्मा विप्रः प्रजापतिः ।	
4146	अशिशकिभ्यां छन्दसि	aSiSakiByAM Candasi	मनिन्	manin	अश्मा । शक्मा ।	
4147	हृभृधृसृस्तृशॄभ्य इमनिच्	hfBfDfsfstfSFBya imanic	इमनिच्	imanic	हरिमा कालः । भरिमा कुटुम्बम् । धरिमा रूपम् । सरिमा वायुः । स्तरिमा तल्पम् । शरिमा प्रसवः ।	
4148	जनिमृङ्भ्यामिमनिन्	janimfNByAmimanin	इमनिन्	imanin	जनिमा जन्म । मरिमा मृत्युः ।	
4149	वेञः सर्वत्र	veYaH sarvatra	इमनिन्	imanin	छन्दसि भाषायां चेत्यर्थः । वेमा तन्तुवायदण्डः । अर्धर्चादिः । सामनी वेमनी इति वृत्तिः ।	
4150	नामन् सीमन् व्योमन् रोमन् लोमन् पाप्मन् ध्यामन्	nAman sIman vyoman roman loman pApman DyAman	मनिन्	manin	सप्त अमी निपात्यन्ते । म्नायतेऽनेनेति नाम । सिनोतेर्दीर्घः । सीमा सीमानौ । सीमानः । पक्षे डाप् । सीमे सीमाः । व्येञोऽन्त्यस्योत्वं गुणः । व्योम । रौतेः । रोम । लोम । पाप्मा पापम् । ध्याम परिमाणं तेजश्च ।	
4151	मिथुने मनिः	miTune maniH	मनि	mani	उपसर्गक्रियासंबन्धो मिथुनम् । स्वरार्थमिदम् । सुशर्मा ।	
4152	सातिभ्यां मनिन्मनिणौ	sAtiByAM maninmaniRO	मनिन्, मनिण्	manin, maniR	स्यति । साम । सामनी । आत्मा ।	
4153	हनिमशिभ्यां सिकन्	hanimaSiByAM sikan	सिकन्	sikan	हंसिका हंसयोषिति । मक्षिका ।	
4154	कोररन्	koraran	अरन्	aran	कवरः ।	
4155	गिर उडच्	gira uqac	उडच्	uqac	गरुडः ।	
4156	इन्देः कमिन्नलोपश्च	indeH kaminnalopaSca	कमिन्	kamin	इदम् ।	
4157	कायतेर्डिमिः	kAyaterqimiH	डिमि	qimi	किम् ।	
4158	सर्वधातुभ्यः ष्ट्रन्	sarvaDAtuByaH zwran	ष्ट्रन्	zwran	वस्त्रम् । अस्त्रम् । शस्त्रम् । [[6.4.97]] <<इस्मन्...>> इति ह्रस्वत्वम् । छादनाच्छत्रम् ।	
4159	भ्रस्जिगमिनमिहनिविश्यशां वृद्धिश्च	BrasjigaminamihaniviSyaSAM vfdDiSca	ष्ट्रन्	zwran	भ्राष्ट्रः । गात्रं शकटम् । नान्त्रं स्तोत्रम् । हान्त्रं मरणम् । वैष्ट्रं विष्टपम् । आष्ट्रमाकाशम् ।	
4160	दिवेर्द् युच्च	diverd yucca	ष्ट्रन्	zwran	द्यौत्रम् ।	
4161	उषिखनिभ्यां कित्	uziKaniByAM kit	ष्ट्रन्	zwran	उष्ट्रः । खात्रं खनित्रं जलाधारश्च ।	
4162	सिविमुच्योष्टेरू च	sivimucyozwerU ca	ष्ट्रन्	zwran	सूत्रम् । मूत्रम् ।	
4163	अमिचिमिदिशसिभ्यः क्त्रः	amicimidiSasiByaH ktraH	क्त्र	ktra	आन्त्रम् । दित्रम् । मित्रम् । शस्त्रम् ।	
4164	पुवो ह्रस्वश्च	puvo hrasvaSca	क्त्र	ktra	पुत्रः ।	
4165	स्त्यायतेर्डट्	styAyaterqaw	डट्	qaw	स्त्री ।	
4166	गुधृवीपचिवचियमिसदिक्षदिभ्यस्त्रः	guDfvIpacivaciyamisadikzadiByastraH	त्र	tra	गोत्रं स्यान्नामवंशयोः । गोत्रा प्रुथिवी । धर्त्रं गृहम् । वेत्रम् । पक्त्रम् । वक्त्रम् । यन्त्रम् । सन्त्रम् । क्षन्त्रम् ।	
4167	हुयामाश्रुभसिभ्यस्त्रन्	huyAmASruBasiByastran	त्रन्	tran	होत्रम् । यात्रा । मात्रा । श्रोत्रम् । भस्त्रा ।	
4168	गमेरा च	gamerA ca	त्रन्	tran	गात्रम् ।	
4169	दादिभ्यच्छन्दसि	dAdiByacCandasi	त्रन्	tran	दात्रम् । पात्रम् ।	
4170	भूवादिगॄभ्यो णित्रन्	BUvAdigFByo Ritran	णित्रन्	Ritran	भावित्रम् । वादित्रम् । गादित्रमोदनम् ।	
4171	चरेर्वृत्ते	carervftte	णित्रन्	Ritran	चारित्रम् ।	
4172	अशित्रादिभ्य इत्रोत्रौ	aSitrAdiBya itrotrO	इत्र, उत्र	itra, utra	अशित्रम् । वहित्रम् । धरित्री मही । त्रैङ् एवमादिभ्य उत्रः । तोत्रं प्रहरणम् । वृञ् वरुत्रं प्रावरणम् ।	
4173	अमेर्द्विषति चित्	amerdvizati cit	इत्र	itra	अमित्रः शत्रुः ।	
4174	आः समिण्निकशिभ्याम्	AH samiRnikaSiByAm	आ	A	संपूर्वादिणो निपूर्वात्कषेश्च आ स्यात् । स्वरादित्वादव्ययत्वम् । समया । निकषा ।	
4175	चित्तेः कणः कश्च	citteH kaRaH kaSca	कण	kaRa	बाहुलकादगुणः । चिक्कणं मसृणं स्निग्धम् ।	
4176	सूचेः स्मन्	sUceH sman	स्मन्	sman	सूक्ष्मम् ।	
4177	पातेर्डुम्सुन्	pAterqumsun	डुम्सुन्	qumsun	पुमान् ।	
4178	रुचिभुजिभ्यां किष्यन्	ruciBujiByAM kizyan	किष्यन्	kizyan	रुचिष्यमिष्टम् । भुजिष्यो दासः ।	
4179	वसेस्तिः	vasestiH	ति	ti	वस्तिर्नाभेरधो द्वयोः । वस्तयः स्युर्दशासूत्रे । बाहुलकात् शासः शास्तिः राजदण्डः । विन्ध्याख्यमगमस्यतीत्यगस्तिः । शकन्ध्वादिः ।	
4180	सावसेः	sAvaseH	ति	ti	स्वस्ति । स्वरादिपाठादव्ययत्वम् ।	
4181	वौ तसेः	vO taseH	ति	ti	वितस्तिः ।	
4182	पदिप्रथिभ्यां नित्	padipraTiByAM nit	ति	ti	पत्तिः । प्रथितिः ।	
4183	तितुत्रेष्वग्रहादीनामितीट् दृणातेर्ह्रस्वश्च	titutrezvagrahAdInAmitIw dfRAterhrasvaSca	ति	ti	दृतिः ।	
4184	कॄतॄकृपिभ्यः कीटन्	kFtFkfpiByaH kIwan	कीटन्	kIwan	किरीटं शिरोवेष्टनम् । तिरीटं सुवर्णम् । कृपीटं कुक्षिवारिणोः ।	
4185	रुचिवचिकुचिकुटिभ्यः कितच्	rucivacikucikuwiByaH kitac	कितच्	kitac	रुचितमिष्टम् । उचितम् । कुचितं परिमितम् ।  कुटितं कुटिलम् ।	
4186	कुटिकुषिभ्यां क्मलन्	kuwikuziByAM kmalan	क्मलन्	kmalan	कुड्मलम् । कुष्मलम् ।	
4187	कुषेर्लश्च	kuzerlaSca	क्मलन्	kmalan	कुल्मलं पापम् ।	
4188	सर्वधातुभ्योऽसुन्	sarvaDAtuByosun	असुन्	asun	चेतः । सरः । पयः । सदः ।	
4189	रपेरत एच्च	raperata ecca	असुन्	asun	रेपोऽवद्यम् ।	
4190	अशेर्देवने युट् च	aSerdevane yuw ca	असुन्	asun	देवने स्तुतौ । यशः ।	
4191	उब्जेर्बले बलोपश्च	ubjerbale balopaSca	असुन्	asun	ओजः ।	
4192	श्वेः सम्प्रसारणं च	SveH samprasAraRaM ca	असुन्	asun	शवः । शवसी । बालपर्यायोऽयम् ।	
4193	श्रयतेः स्वाङ्गे शिरः किच्च	SrayateH svANge SiraH kicca	असुन्	asun	श्रयतेः शिरआदेशोऽसुन् किच्च । शिरः । शिरसी ।	
4194	अर्तेरुच्च	arterucca	असुन्	asun	उरः ।	
4195	व्याधौ शुट्	vyADO Suw	असुन्	asun	अर्शो गुदव्याधिः ।	
4196	उदके नुट् च	udake nuw ca	असुन्	asun	अर्तेरसुन् स्यात्तस्य च नुट् । अर्णः । अर्णसी ।	
4197	इण आगसि	iRa Agasi	असुन्	asun	एनः ।	
4198	रिचेर्धने घिच्च	ricerDane Gicca	असुन्	asun	चात्प्रत्ययस्य नुट् । घित्त्वात्कुत्वम् । रेक्णः सुवर्णम् ।	
4199	चायतेरन्ने ह्रस्वश्च	cAyateranne hrasvaSca	असुन्	asun	चनो भक्तम् ।	
4200	वृङ्शीङ्भ्यां रूपस्वाङ्गयोः पुट् च	vfNSINByAM rUpasvANgayoH puw ca	असुन्	asun	वर्पो रूपम् । शेपो गुह्यम् ।	
4201	स्रुरीभ्यां तुट् च	srurIByAM tuw ca	असुन्	asun	स्रोतः । रेतः ।	
4202	पातेर्बले जुट् च	pAterbale juw ca	असुन्	asun	पाजः । पाजसी ।	
4203	उदके थुट् च	udake Tuw ca	असुन्	asun	पाथः ।	
4204	अन्ने च	anne ca	असुन्	asun	पाथो भक्तम् ।	
4205	अदेर्नुम् धौ च	adernum DO ca	असुन्	asun	अदेर्भक्ते वाच्येऽसुन् नुमागमो धादेशश्च । अन्धोऽन्नम् ।	
4206	स्कन्देश्च स्वाङ्गे	skandeSca svANge	असुन्	asun	स्कन्दः । स्कन्दसी ।	
4207	आपः कर्माख्यायाम्	ApaH karmAKyAyAm	असुन्	asun	कर्माख्यायां ह्रस्वो नुट् च वा । अप्नः । अपः । बाहुलकात् । आपः । आपसी ।	
4208	रूपे जुट् च	rUpe juw ca	असुन्	asun	अब्जो रूपम् ।	
4209	उदके नुम्भौ च	udake numBO ca	असुन्	asun	अम्भः ।	
4210	नहेर्दिवि भश्च	naherdivi BaSca	असुन्	asun	नभः ।	
4211	इण आग अपराधे च	iRa Aga aparADe ca	असुन्	asun	आगः पापापराधयोः ।	
4212	अमेर्हुक्च	amerhukca	असुन्	asun	अंहः ।	
4213	रमेश्च	rameSca	असुन्	asun	रंहः ।	
4214	देशे ह च	deSe ha ca	असुन्	asun	रमन्तेऽस्मिन् रहः ।	
4215	अञ्च्यञ्जियुजिभृजिभ्यः कुञ्च	aYcyaYjiyujiBfjiByaH kuYca	असुन्	asun	एभ्योऽसुन् कवर्गश्चान्तादेशः । अङ्कश्चिह्नशरीरयोः । अङ्गः पक्षी । योगः समाधिः । भर्गस्तेजः ।	
4216	भूरञ्जिभ्यां कित्	BUraYjiByAM kit	असुन्	asun	भुवः । रजः ।	
4217	वसेर्णित्	vaserRit	असुन्	asun	वासो वस्त्रम् ।	
4218	चन्देरादेश्च छः	canderAdeSca CaH	असुन्	asun	छन्दः ।	
4219	पचिवचिभ्यां सुट् च	pacivaciByAM suw ca	असुन्	asun	पक्षसी तु स्मृतौ पक्षौ । वक्षो हृदयम् ।	
4220	वहिहाधाञ्भ्यश्छन्दसि	vahihADAYByaSCandasi	असुन्	asun	वक्षाः अनड्वान् । हासाश्चन्द्रः । धासाः पर्वत इति प्राञ्चः । वस्तुतस्तु णिदित्यनुवर्तते न तु सुट् । तेन वहेरुपधावृद्धिः । इतरयोः ’आतो युक् – ७-३-३३’ इति युक् । शोणा धृष्णू नृवाहसा । श्रोता हवं गृणतः स्तोमवाहाः । विश्वो विहायाः । वाजम्भरो विहायाः । देवो न यः पृथिवीं विश्वधायाः । अधारयत् पृथिवीं विश्वधायसम् । धर्णसिं भूरिधायसमित्यादिः ।	
4221	इण आसिः	iRa AsiH	आसि	Asi	अयाः वह्निः । स्वरादिपाठादव्ययत्वम् ।	
4222	मिथुनेऽसिः पूर्ववच्च सर्वम्	miTunesiH pUrvavacca sarvam	असि	asi	उपसर्गविशिष्टो धातुर्मिथुनं तन्नासुनोऽपवादोऽसिः । स्वरार्थः ।	
4223	नञि हन एह च	naYi hana eha ca	असि	asi	अनेहाः । अनेहसौ ।	
4224	विधाञो वेध च	viDAYo veDa ca	असि	asi	विदधातीति वेधाः ।	
4225	नुवो धुट् च	nuvo Duw ca	असि	asi	नोधाः ।	
4226	गतिकारकोपपदयोः पूर्वपदप्रकृतिस्वरत्वं च	gatikArakopapadayoH pUrvapadaprakftisvaratvaM ca	असि	asi	असिः स्यात् । सुतपाः । जातवेदाः । [[6.2.139]] <<गतिकारकोपदात् कृत्>> इत्युत्तरपदप्रकृतिस्वरत्वे सति शेषस्यानुदात्तत्वे प्राप्ते तदपवादार्थमिदम् ।	
4227	चन्द्रे मो डित्	candre mo qit	असि	asi	चन्द्रोपपदान्माङोऽसिः स्यात्स च डित् । चन्द्रमाः ।	
4228	वयसि धाञः	vayasi DAYaH	असि	asi	वयोधास्तरुणः ।	
4229	पयसि च	payasi ca	असि	asi	पयोधाः समुद्रो मेघश्च ।	
4230	पुरसि च	purasi ca	असि	asi	पुरोधाः ।	
4231	पुरूरवाः	purUravAH	असि	asi	पुरुशब्दस्य दीर्घो रौतेरसिश्च निपात्यते ।	
4232	चक्षेर्बहुलं शिच्च	cakzerbahulaM Sicca	असि	asi	नृचक्षाः ।	
4233	उषः कित्	uzaH kit	असि	asi	उषः ।	
4234	दमेरुनसिः	damerunasiH	उनसि	unasi	सप्तार्चिर्दमुनाः ।	
4235	अङ्गतेरसिरिरुडागमश्च	aNgaterasiriruqAgamaSca	असि	asi	अङ्गिराः ।	
4236	सर्तेरप्पूर्वादसिः	sarterappUrvAdasiH	असि	asi	अप्सराः । प्रायेणायं भूम्नि । अप्सरसः ।	
4237	विदिभुजिभ्यां विश्वे	vidiBujiByAM viSve	असि	asi	विश्ववेदाः । विश्वभोजाः ।	
4238	वशेः कनसिः	vaSeH kanasiH	कनसि	kanasi	सम्प्रसारणम् । उशनाः	
5001	अदि भुवो डुतच्	adi Buvo qutac	डुतच्	qutac	अद्भुतम् ।	
5002	गुधेरूमः	guDerUmaH	ऊम	Uma	गोधूमः ।	
5003	मसेरूरन्	maserUran	ऊरन्	Uran	मसूरः। प्रथमे पादे असेरुरन्मसेश्चेत्यत्र व्याख्यातः ।	
5004	स्थः किच्च	sTaH kicca	ऊरन्	Uran	स्थूरो मनुष्यः ।	
5005	पातेरतिः	pAteratiH	अति	ati	पातिः स्वामी । संपातिः पक्षिराजः ।	
5006	वातेर्नित्	vAternit	अति	ati	वातिरादित्यसोमयोः ।	
5007	अर्तेश्च	arteSca	अति	ati	अरतिरुद्वेगः ।	
5008	तृहेः क्नो हलोपश्च	tfheH kno halopaSca	क्न	kna	तृणम् ।	
5009	वुञ्लुठितनिताडिभ्य उलच् तण्डश्च	vuYluWitanitAqiBya ulac taRqaSca	उलच्	ulac	व्रियन्ते लुट्यन्ते तन्यन्ते ताड्यन्त इति वा तण्डुलाः ।	
5010	दंसेष्टटनौ न आ च	daMsezwawanO na A ca	ट, टन्	wa, wan	दासः सेवकशूद्रयोः ।	
5011	दंशेश्च	daMSeSca	ट, टन्	wa, wan	दाशो धीवरः ।	
5012	उदि चेर्डैसिः	udi cerqEsiH	डैसि	qEsi	स्वरादिपाठादव्ययत्वम् । उच्चैः ।	
5013	नौ दीर्घश्च	nO dIrGaSca	डैसि	qEsi	नीचैः ।	
5014	सौ रमेः क्तो दमे पूर्वपदस्य च दीर्घः	sO rameH kto dame pUrvapadasya ca dIrGaH	क्त	kta	रमेः सुपूर्वाद्दमे वाच्ये क्तः स्यात् । कित्वादनुनासिकलोपः । सूरत उपशान्तो दयालुश्च ।	
5015	पूञो यण् णुक् ह्रस्वश्च	pUYo yaR Ruk hrasvaSca	यत्	yat	यत्प्रत्ययः । पुण्यम् ।	
5016	स्रंसेः शिः कुट् किश्च	sraMseH SiH kuw kiSca	यत्	yat	स्रंसतेः शिरादेशः यत्प्रत्ययः कित्तस्य कुडागमश्च । शिक्यम् ।	
5017	अर्तेः क्युरुच्च	arteH kyurucca	क्यु	kyu	उरणो मेषः ।	
5018	हिंसेरीरन्नीरचौ	hiMserIrannIracO	ईरन् , ईरच्	Iran , Irac	हिंसीरो व्याघ्रदुष्टयोः ।	
5019	उदि दृणातेरजलौ पूर्वपदान्त्यलोपश्च	udi dfRAterajalO pUrvapadAntyalopaSca	अल्, अच्	al, ac	उदरम् ।	
5020	डित् खनेर्मुट् स चोदात्तः	qit Kanermuw sa codAttaH	अल्, अच्	al, ac	अच् अल् च डित्स्याद्धातोर्मुट् स चोदात्तः । मुखम् ।	
5021	अमेः सन्	ameH san	सन्	san	अंसः ।	
5022	मुहेः खो मूर्च	muheH Ko mUrca	ख	Ka	मूर्खः ।	
5023	नहेर्हलोपश्च	naherhalopaSca	ख	Ka	नखः ।	
5024	शीङो ह्रस्वश्च	SINo hrasvaSca	ख	Ka	शिखा ।	
5025	माङ ऊखो मय् च	mANa UKo may ca	ऊख	UKa	मयूखः ।	
5026	कलिगलिभ्यां फगस्योच्च	kaligaliByAM Pagasyocca	फक्	Pak	कुल्फः शरीरावयवो रोगश्च । गुल्फः पादग्रन्थिः ।	
5027	स्पृशेः श्वण्शुनौ पृ च	spfSeH SvaRSunO pf ca	श्वण् , शुन्	SvaR , Sun	श्वण्शुनौ प्रत्ययौ पृ इत्यादेशः । पार्श्वोऽस्त्री कक्षयोरधः । पर्शुरायुधम् ।	
5028	श्मनि श्रयतेर्डुन्	Smani Srayaterqun	डुन्	qun	श्मन्शब्दो मुखवाची । मुखमाश्रयत इति श्मश्रुः ।	
5029	अश्र्वादयश्च	aSrvAdayaSca	डुन्	qun	अश्रु नयनजलम् ।	
5030	जनेष्टन् लोपश्च	janezwan lopaSca	टन्	wan	जटा ।	
5031	अच् तस्य जङ्घ च	ac tasya jaNGa ca	अच्	ac	तस्य जनेः जङ्घादेशः स्यादच्च । जङ्घा ।	
5032	हन्तेः शरीरावयवे द्वे च	hanteH SarIrAvayave dve ca	अच्	ac	जघनम् । पश्चान्नितम्बः स्त्रीकट्याः क्लीबे तु जघनं पुरः ।	
5033	क्लिशेरन् लो लोपश्च	kliSeran lo lopaSca	अन्	an	लकारस्य लोपः । केशः ।	
5034	फलेरितजादेश्च पः	PaleritajAdeSca paH	इतच्	itac	पलितम् ।	
5035	कृञादिभ्यः संज्ञायाम् वुन्	kfYAdiByaH saMjYAyAm vun	वुन्	vun	करकः । करका । कटकः । नरकम् । नरकः । नरको नारकोऽपि चेति द्विरूपकोशः । सरकं गगनम् । कोरकः कोरकं च ।	
5036	चीकयतेराद्यन्तविपर्ययश्च	cIkayaterAdyantaviparyayaSca	वुन्	vun	कीचको वंशभेदः ।	
5037	पचिमच्योरिच्चोपधायाः	pacimacyoriccopaDAyAH	वुन्	vun	पेचकः । मेचकः ।	
5038	जनेररष्ठ च	janerarazWa ca	अर	ara	जठरम् ।	
5039	वचिमनिभ्यां चिच्च	vacimaniByAM cicca	अर	ara	वठरो मूर्खः । मठरो मुनिशौण्डयोः । बिदादित्वान्माठरः। गर्गादित्वान्माठर्यः ।	
5040	ऊर्जि दृणातेरलचौ पूर्वपदान्तलोपश्च	Urji dfRAteralacO pUrvapadAntalopaSca	अल्, अच्	al, ac	ऊर्दरः शूररक्षसोः ।	
5041	कृदरादयश्च	kfdarAdayaSca	अल्	al	कृदरः । कुसूलः । मृदरं विलसत् । सृदरः सर्पः ।	
5042	हन्तेर्युन्नाद्यन्तयोर्घत्वतत्वे	hanteryunnAdyantayorGatvatatve	युन्	yun	घातनो मारकः ।	
5043	क्रमिगमिक्षमिभ्यस्तुन् वृद्धिश्च	kramigamikzamiByastun vfdDiSca	तुन्	tun	क्रान्तुः पक्षी । गान्तुः पथिकः । क्षान्तुर्मशकः ।	
5044	हर्यतेः कन्यन् हिर च	haryateH kanyan hira ca	कन्यन्	kanyan	कन्यन् प्रत्ययः । हिरण्यम् ।	
5045	कृञः पासः	kfYaH pAsaH	पास	pAsa	कर्पासः । बिल्वादित्वात्कार्पासं वस्त्रम् ।	
5046	जनेस्तु रश्च	janestu raSca	तु	tu	जर्तुर्हस्ती योनिश्च ।	
5047	ऊर्णोतेर्डः	UrRoterqaH	ड	qa	ऊर्णा ।	
5048	दधातेर्यत् नुट् च	daDAteryat nuw ca	यत्	yat	धान्यम् ।	
5049	जीर्यतेः क्रिन् रश्च वः	jIryateH krin raSca vaH	क्रिन्	krin	जिव्रिः स्यात्कलपक्षिणोः । बहुलकात् [[8.2.77]] <<हलि च>> इति दीर्घो न ।	
5050	मव्यतेर्यलोपो मश्चापतुट् चालः	mavyateryalopo maScApatuw cAlaH	आल	Ala	मव्यतेरालप्रत्ययः स्यात्तस्यापतुडागमो धातोर्यलोपो मकारश्चान्त्यस्य । ममापतालो विषये ।	
5051	ऋजेः कीकन्	fjeH kIkan	कीकन्	kIkan	ऋजीक इन्द्रो धूमश्च ।	
5052	तनोतेर्डउः सन्वच्च	tanoterqauH sanvacca	डउ	qau	तितउः । पुंसि क्लीबे ।	
5053	अर्भकपृथुकपाका वयसि	arBakapfTukapAkA vayasi	वुन्, कुकन्, कन्	vun, kukan, kan	ऋधु वृद्धो । अतो वुन् । भकारश्चान्तादेशः । प्रथेः कुकन्संप्रसारणं च । पिबतेः कन् ।	
5054	अवद्यावमाधमार्वरेफाः	avadyAvamADamArvarePAH	यत्, अम, वन्	yat, ama, van	कुत्सिते वदेर्नञि यत् । अवद्यम् । अवतेरमः । वस्य पक्षे धः । अवमः । अधमः । अर्तेर्वन् । अर्वा । रिफतेस्तौदादिकादेः । रेफः ।	
5055	लीरीङोर्ह्रस्वः पुट् च तरौ श्लेषणकुत्सनयोः	lIrINorhrasvaH puw ca tarO SlezaRakutsanayoH	त, र	ta, ra	तरौ प्रत्ययौ क्रमात् स्तो धातोर्ह्रस्वः प्रत्ययस्य पुट् । लिप्तं श्लिष्टम् । रिप्रं कुत्सितम् ।	
5056	क्लिशेरीच्चोपधायाः कन् लोपश्च लो नाम् च	kliSerIccopaDAyAH kan lopaSca lo nAm ca	कन्	kan	क्लिशेः कन् स्यात् उपाधाया ईत्वं लस्य लोपो नामागमश्च । कीनाशो यमः । कित्वफलं चिन्त्यम् ।	
5057	अश्नोतेराशुकर्मणि वरट् च	aSnoterASukarmaRi varaw ca	वरट्	varaw	चकारादुपधाया ईत्वम् । ईश्वरः ।	
5058	चतेरुरन्	cateruran	उरन्	uran	चत्वारः ।	
5059	प्राततेररन्	prAtateraran	अरन्	aran	प्रातः ।	
5060	अमेस्तुट् च	amestuw ca	अरन्	aran	अन्तर्मध्यम् ।	
5061	दहेर्गो लोपो दश्च नः	dahergo lopo daSca naH	ग	ga	गप्रत्ययो धातोरन्तस्य लोपो दकारस्य नकारः । नगः ।	
5062	सिचेः संज्ञायां हनुमौ कश्च	siceH saMjYAyAM hanumO kaSca	क	ka	सिञ्चतेः कप्रत्ययो हकारादेशो नुम् च स्यात् । सिंहः ।	
5063	व्याङि घ्रातेश्च जातौ	vyANi GrAteSca jAtO	क	ka	कप्रत्ययः स्यात् । व्याघ्रः ।	
5064	हन्तेरच् घुर च	hanterac Gura ca	अच्	ac	घोरम् ।	
5065	क्षमेरुपधालोपश्च	kzamerupaDAlopaSca	अच्	ac	चादच् । क्ष्मा ।	
5066	तरतेर्ड्रिः	taraterqriH	ड्रि	qri	त्रयः । त्रीन् ।	
5067	ग्रहेरनिः	graheraniH	अनि	ani	ग्रहणिः ङीष् । ग्रहणी व्याधिभेदः ।	
5068	प्रथेरमच्	praTeramac	अमच्	amac	प्रथमः ।	
5069	चरेश्च	careSca	अमच्	amac	चरमः ।	
5070	मङ्गेरलच्	maNgeralac	अलच्	alac	मङ्गलम् ।	
